Workbook

Sheet Opening Balance FEB 2026
D3: Opening Credit Month Of FEB 2026 | H3: Opening Cash Month Of OCT 2025
B4: EXTRA SALE PASS | C4: Same Day Posting | D4: COMPANY | E4: ODERBOOKERS | F4: CREDIT AMOUNT | G4: ACTUAL CREDIT Closed | H4: OPENING CASH | J4: =1308640 -> 1308640
B5: 0 | C5: 0 | D5: CBL | E5: Danish | F5: 391828 | G5: =F5+C5+B5 -> 391828
B6: 0 | C6: 345149 | D6: CBL | E6: Danish ws | F6: =3301295-C6 -> 2956146 | G6: =F6+B6+C6 -> 3301295
B7: 0 | C7: 114280 | D7: CBL | E7: Murtaza | F7: =1178838-C7 -> 1064558 | G7: =F7+C7+B7 -> 1178838
B8: 0 | C8: 223828 | D8: CBL | E8: Ali | F8: =951862-C8 -> 728034 | G8: =F8+B8 -> 728034
B9: 0 | C9: 113776 | D9: CBL | E9: Kashif | F9: =1089429-C9 -> 975653 | G9: =F9+B9 -> 975653
B10: 0 | C10: 145647 | D10: CBL | E10: Anas | F10: =625654-C10 -> 480007 | G10: =F10+C10+B10 -> 625654
B11: =SUM(B5:B10) -> 0 | C11: =SUM(C5:C10) -> 942680 | D11: TOTAL | F11: =SUM(F5:F10) -> 6596226 | G11: =SUM(G5:G10) -> 7201302
D12: COMPANY | E12: ODERBOOKERS | F12: CREDIT AMOUNT
D13: CDM | E13: Qadeer | F13: 282651
D14: CDM | E14: Shahid | F14: =1508814-20000 -> 1488814
D15: CDM | E15: Danish | F15: 612306
D16: CDM | E16: Kashif | F16: 8160
D17: POP NOSH | E17: Shahid | F17: 51257
D18: TOTAL | F18: =SUM(F13:F17) -> 2443188
B19: Extra Bill | C19: Same Day Posting | D19: COMPANY | E19: ODERBOOKERS | F19: CREDIT AMOUNT
C20: 167308 | D20: SHAN FOODs | E20: Khawar | F20: =1560888-C20 -> 1393580
D21: SHAN FOODs | E21: Murtaza | F21: 174473
D22: SHAN FOODs | E22: Danish | F22: 35126
C23: 26216 | D23: SHAN FOODs | E23: Ashraf | F23: =1479667-C23 -> 1453451
D24: SHAN FOODs | E24: Kashif | F24: =96296-30250 -> 66046
C25: 0 | D25: SHAN FOODs | E25: Shahid | F25: 23570
C26: =SUM(C20:C25) -> 193524 | D26: TOTAL | F26: =SUM(F20:F25) -> 3146246
D27: COMPANY | E27: ODERBOOKERS | F27: CREDIT AMOUNT
D28: IMPORTED ITEMS | E28: Shahzad Ahmad | F28: 33969
D29: IMPORTED ITEMS | E29: Shahid | F29: 160846
D30: TOTAL | F30: =SUM(F28:F29) -> 194815
D31: COMPANY | E31: ODERBOOKERS | F31: CREDIT AMOUNT
D32: MAHEE | E32: Shahzad Ahmad | F32: 89658
D33: MAHEE | E33: Murtaza | F33: =67000-25000 -> 42000
D34: TOTAL | F34: =SUM(F32:F33) -> 131658
D35: COMPANY | E35: ODERBOOKERS | F35: CREDIT AMOUNT
D36: PAKAGES | E36: Rabnawaz | F36: 103541
D37: PAKAGES | E37: Shahid | F37: 6013
D38: TOTAL | F38: 109554
D39: COMPANY | E39: ODERBOOKERS | F39: CREDIT AMOUNT
D40: QUICE | E40: Shahid | F40: 16440
D41: TOTAL | F41: 16440
D43: Grand Total | F43: =F41+F38+F34+F30+F26+F18+F11+C11+B11 -> 13580807

Sheet 01-03-2026
C2: 46082
C3: Daily Cash Flow Statement
C4: Companies | D4: Order Bookers | E4: Suppliers | F4: Today Supply | G4: Return Stock | H4: Posting | I4: Credit Posted | J4: Summary Cash | K4: Claim Cleard By Suppliers | L4: Sabqa Payment By Suppliers | M4: Recovery List | N4: Return Stock/Claim Clear By OB | O4: Total Recovery
C5: CBL | D5: Danish | E5: - | F5: 0 | G5: 0 | H5: =F5-G5 -> 0 | I5: =H5-J5 -> 0 | J5: 0 | K5: 0 | L5: 0 | M5: ='Opening Balance FEB 2026'!F5 -> 391828 | N5: 0 | O5: 32313
C6: CBL | D6: Danish ws | E6: Ayoub | F6: 345159 | G6: 0 | H6: =F6-G6 -> 345159 | I6: =H6-J6 -> 345159 | J6: 0 | K6: 0 | L6: 0 | M6: ='Opening Balance FEB 2026'!F6 -> 2956146 | N6: 0 | O6: 0
C7: CBL | D7: Murtaza | E7: PENDING | F7: 114280 | G7: 0 | H7: 0 | I7: =H7-J7 -> 0 | J7: 0 | K7: 0 | L7: 0 | M7: ='Opening Balance FEB 2026'!F7 -> 1064558 | N7: 0 | O7: 51202
C8: CBL | D8: Ali | E8: Ayoub | F8: 223828 | G8: 0 | H8: =F8-G8 -> 223828 | I8: =H8-J8 -> 210838 | J8: 12990 | K8: 0 | L8: 0 | M8: ='Opening Balance FEB 2026'!F8 -> 728034 | N8: 0 | O8: 104161
C9: CBL | D9: Kashif | E9: Aqib/Faiz | F9: 113776 | G9: 0 | H9: =F9-G9 -> 113776 | I9: =H9-J9 -> 102042 | J9: 11734 | K9: 0 | L9: 0 | M9: ='Opening Balance FEB 2026'!F9 -> 975653 | N9: 0 | O9: 19509
C10: CBL | D10: Anas | E10: Aqib/Faiz | F10: 145647 | G10: 0 | H10: =F10-G10 -> 145647 | I10: =H10-J10 -> 15723 | J10: 129924 | K10: 0 | L10: 0 | M10: ='Opening Balance FEB 2026'!F10 -> 480007 | N10: 0 | O10: 25614
C11: Total | F11: =SUM(F5:F10) -> 942690 | G11: =SUM(G5:G10) -> 0 | H11: =SUM(H5:H10) -> 828410 | I11: =SUM(I5:I10) -> 673762 | J11: =SUM(J5:J10) -> 154648 | K11: =SUM(K5:K10) -> 0 | L11: =SUM(L5:L10) -> 0 | M11: =SUM(M5:M10) -> 6596226 | ... O11: =SUM(O5:O10) -> 232799
C12: CDM/TANG | D12: QADEER | E12: Ikram | F12: 74060 | G12: 2871 | H12: =F12-G12 -> 71189 | I12: =H12-J12 -> 28714 | J12: 42475 | K12: 0 | L12: 0 | M12: ='Opening Balance FEB 2026'!F13 -> 282651 | N12: 8688 | O12: 63769
C13: CDM/TANG | D13: QADEER | E13: Aqib/Faiz | F13: 8876 | G13: 0 | H13: =F13-G13 -> 8876 | I13: =H13-J13 -> 0 | J13: 8876 | K13: 0 | L13: 0 | M13: 0 | N13: 0 | O13: 0
C14: CDM/TANG | D14: SHAHID | E14: Ikram | F14: 138156 | G14: 16452 | H14: =F14-G14 -> 121704 | I14: =H14-J14 -> 43497 | J14: 78207 | K14: 332 | L14: 5132 | M14: ='Opening Balance FEB 2026'!F14 -> 1488814 | N14: 0 | O14: 64272
C15: CDM/TANG | D15: DANISH | E15: Counter Sale | F15: 5358 | G15: 0 | H15: =F15-G15 -> 5358 | I15: =H15-J15 -> 0 | J15: 5358 | K15: 0 | L15: 0 | M15: ='Opening Balance FEB 2026'!F15 -> 612306 | N15: 0 | O15: 70602
C16: CDM/TANG | D16: Kashif | E16: Aqib/Faiz | F16: 22065 | G16: 0 | H16: =F16-G16 -> 22065 | I16: =H16-J16 -> 0 | J16: 22065 | K16: 0 | L16: 0 | M16: ='Opening Balance FEB 2026'!F16 -> 8160 | N16: 0 | O16: 0
C17: CDM/TANG | D17: Murtaza | E17: - | F17: 0 | G17: 0 | H17: =F17-G17 -> 0 | I17: =H17-J17 -> 0 | J17: 0 | K17: 0 | L17: 0 | M17: 0 | N17: 0 | O17: 0
C18: CDM/TANG | F18: =SUM(F12:F17) -> 248515 | G18: =SUM(G12:G17) -> 19323 | H18: =SUM(H12:H16) -> 229192 | I18: =SUM(I12:I16) -> 72211 | J18: =SUM(J12:J17) -> 156981 | K18: =SUM(K12:K16) -> 332 | L18: =SUM(L12:L16) -> 5132 | M18: =SUM(M12:M17) -> 2391931 | N18: =SUM(N12:N16) -> 8688 | O18: =SUM(O12:O17) -> 198643
C19: POP NOSH | D19: SHAHID | E19: - | F19: 0 | G19: 0 | H19: =F19-G19 -> 0 | I19: =H19-J19 -> 0 | J19: 0 | K19: 0 | L19: 0 | M19: ='Opening Balance FEB 2026'!F17 -> 51257 | N19: 0 | O19: 0
F20: =SUM(F19) -> 0 | G20: =SUM(G19) -> 0 | H20: =SUM(H19) -> 0 | I20: =SUM(I19) -> 0 | J20: =SUM(J19) -> 0 | K20: =SUM(K19) -> 0 | L20: =SUM(L19) -> 0 | M20: =SUM(M19) -> 51257 | ... O20: =SUM(O19) -> 0
C21: Imported Items | D21: SHAHZAD AHMAD | E21: - | F21: 0 | G21: 0 | H21: =F21-G21 -> 0 | I21: =H21-J21 -> 0 | J21: 0 | K21: 0 | L21: 0 | M21: ='Opening Balance FEB 2026'!F28 -> 33969 | N21: 0 | O21: 0
C22: Imported Items | D22: SHAHID | E22: - | F22: 0 | G22: 0 | H22: =F22-G22 -> 0 | I22: =H22-J22 -> 0 | J22: 0 | K22: 0 | L22: 0 | M22: ='Opening Balance FEB 2026'!F29 -> 160846 | N22: 0 | O22: 0
C23: Total | F23: =SUM(F21:F22) -> 0 | G23: =SUM(G21:G22) -> 0 | H23: =SUM(H21:H22) -> 0 | I23: =SUM(I21:I22) -> 0 | J23: =SUM(J21:J22) -> 0 | K23: =SUM(K21:K22) -> 0 | L23: =SUM(L21:L22) -> 0 | M23: =SUM(M21:M22) -> 194815 | ... O23: =SUM(O21:O22) -> 0
C24: TAHORA | D24: SHAHZAD AHMAD | E24: - | F24: 0 | G24: 0 | H24: =F24-G24 -> 0 | I24: =H24-J24 -> 0 | J24: 0 | K24: 0 | L24: 0 | M24: ='Opening Balance FEB 2026'!F32 -> 89658 | N24: 0 | O24: 0
C25: TAHORA | D25: MURTAZA | E25: - | F25: 0 | G25: 0 | H25: =F25-G25 -> 0 | I25: =H25-J25 -> 0 | J25: 0 | K25: 0 | L25: 0 | M25: ='Opening Balance FEB 2026'!F33 -> 42000 | N25: 0 | O25: 0
C26: Total | F26: =SUM(F24:F25) -> 0 | G26: =SUM(G24:G25) -> 0 | H26: =SUM(H24:H25) -> 0 | I26: =SUM(I24:I25) -> 0 | J26: =SUM(J24:J25) -> 0 | K26: =SUM(K24:K25) -> 0 | L26: =SUM(L24:L25) -> 0 | M26: =SUM(M24:M25) -> 131658 | ... O26: =SUM(O24:O25) -> 0
C27: SHAN | D27: KHAWAR | E27: Sami | F27: 167308 | G27: 0 | H27: =F27-G27 -> 167308 | I27: =H27-J27 -> 167308 | J27: 0 | K27: 0 | L27: 0 | M27: ='Opening Balance FEB 2026'!F20 -> 1393580 | N27: 0 | O27: 69025
C28: SHAN | D28: MURTAZA | E28: - | F28: 0 | G28: 0 | H28: =F28-G28 -> 0 | I28: =H28-J28 -> 0 | J28: 0 | K28: 0 | L28: 0 | M28: ='Opening Balance FEB 2026'!F21 -> 174473 | N28: 0 | O28: 0
C29: SHAN | D29: DANISH | E29: - | F29: 0 | G29: 0 | H29: =F29-G29 -> 0 | I29: =H29-J29 -> 0 | J29: 0 | K29: 0 | L29: 0 | M29: ='Opening Balance FEB 2026'!F22 -> 35126 | N29: 0 | O29: 0
C30: SHAN | D30: ASHRAF | E30: Ikram | F30: 26216 | G30: 0 | H30: =F30-G30 -> 26216 | I30: =H30-J30 -> 24825 | J30: 1391 | K30: 0 | L30: 0 | M30: ='Opening Balance FEB 2026'!F23 -> 1453451 | N30: 2208 | O30: 55906
C31: Total | F31: =SUM(F27:F30) -> 193524 | G31: =SUM(G27:G30) -> 0 | H31: =SUM(H27:H30) -> 193524 | I31: =SUM(I27:I30) -> 192133 | J31: =SUM(J27:J30) -> 1391 | K31: =SUM(K27:K30) -> 0 | L31: =SUM(L27:L30) -> 0 | M31: =SUM(M27:M30) -> 3056630 | ... O31: =SUM(O27:O30) -> 124931
C32: NET TOTAL | F32: =F31+F26+F23+F20+F18+F11 -> 1384729 | G32: =G31+G26+G23+G20+G18+G11 -> 19323 | H32: =H31+H26+H23+H20+H18+H11 -> 1251126 | I32: =I31+I26+I23+I20+I18+I11 -> 938106 | J32: =J31+J26+J23+J20+J18+J11 -> 313020 | K32: =K31+K26+K23+K20+K18+K11 -> 332 | L32: =L31+L26+L23+L20+L18+L11 -> 5132 | M32: =M31+M26+M23+M20+M18+M11 -> 12422517 | ... O32: =O31+O26+O23+O20+O18+O11 -> 556373
F33: CBL Cash | G33: =O11+L11+J11-K11 -> 387447
F34: CDM Cash | G34: =O18+L18+J18-K18+O20+L20+J20-K20 -> 360424 | I34: Amount | J34: MCB Onlines | K34: Value | M34: Detail
C35: Onlines | F35: Imported Item Cash | G35: =O23+L23+J23-K23 -> 0
F36: TAHORA | G36: =O26+L26+J26-K26 -> 0
F37: Shan Food's Cash | G37: =O31+L31+J31-K31 -> 126322
F38: Total Cash | G38: =SUM(G33:G37) -> 874193
H48: Today Credit Closed
H49: COMPANY | I49: ODERBOOKERS | J49: CREDIT AMOUNT
H50: CBL | I50: Danish | J50: =M5-O5-N5-L5+I5 -> 359515 | K50: 359515 | L50: =J50-K50 -> 0
C51: 45931 | H51: CBL | I51: Danish ws | J51: =M6-O6-N6-L6+I6+G51 -> 3301305 | K51: 3301305 | L51: =J51-K51 -> 0
C52: Cash Flow Statement | H52: CBL | I52: Murtaza | J52: =M7-O7-N7-L7+I7+G52 -> 1013356 | K52: 1013356 | L52: =J52-K52 -> 0
C53: Opening Cash | D53: ='Opening Balance FEB 2026'!J4 -> 1308640 | H53: CBL | I53: Ali | J53: =M8-O8-N8-L8+I8+G53 -> 834711 | K53: 834711 | L53: =J53-K53 -> 0
C54: Today Cash Collection | D54: =G38 -> 874193 | H54: CBL | I54: Kashif | J54: =M9-O9-N9-L9+I9+G54 -> 1058186 | K54: 1058186 | L54: =J54-K54 -> 0
C55: TOTAL | D55: =D53+D54 -> 2182833 | H55: CBL | I55: Anas | J55: =M10-O10-N10-L10+I10+G55 -> 470116 | K55: 470116 | L55: =J55-K55 -> 0
C56: Daily EXPS | D56: 0 | H56: TOTAL | J56: =SUM(J50:J55) -> 7037189 | K56: 7037189 | L56: =J56-K56 -> 0
C57: Personal | D57: 0
C58: Kamyti | D58: 10000 | H58: COMPANY | I58: ODERBOOKERS | J58: CREDIT AMOUNT
C59: TOTAL EXPS | D59: =SUM(D56:E58) -> 10000 | H59: CDM | I59: Qadeer | J59: =M12-O12-N12-L12+I12 -> 238908 | K59: 282651 | L59: =J59-K59 -> -43743
C60: Remaining Cash | D60: =D55-D56-D58-D57 -> 2172833 | H60: CDM | I60: Shahid | J60: =M14-O14-N14-L14+I14 -> 1462907 | K60: 1508814 | L60: =J60-K60 -> -45907
C61: Onlines | H61: CDM | I61: Danish | J61: =M15-O15-N15-L15+I15 -> 541704 | K61: 612306 | L61: =J61-K61 -> -70602
C62: CBL | D62: 0 | H62: CDM | I62: Kashif | J62: 8160 | K62: 8160 | L62: =J62-K62 -> 0
C63: CDM & Tang | D63: 0 | H63: POP NOSH | I63: Shahid | J63: =M19-O19-N19-L19+I19 -> 51257 | K63: 51257 | L63: =J63-K63 -> 0
C64: Shan Foods | D64: 0 | H64: TOTAL | J64: =SUM(J59:J63) -> 2302936 | K64: =SUM(K59:K63) -> 2463188 | L64: =J64-K64 -> -160252
C65: POP Nosh | D65: 0 | H65: COMPANY | I65: ODERBOOKERS | J65: CREDIT AMOUNT
C66: Uncle Nadeem | D66: 0 | H66: SHAN FOODs | I66: Khawar | J66: =M27-O27-N27-L27+I27+G66 -> 1491863 | K66: 1380437 | L66: =J66-K66 -> 111426
C67: TOTAL ONLINES | D67: =SUM(D62:D66) -> 0 | H67: SHAN FOODs | I67: Murtaza | J67: =M28-O28-N28-L28+I28 -> 174473 | K67: 174473 | L67: =J67-K67 -> 0
C68: Today Closing Cash | D68: =D60-D67 -> 2172833 | H68: SHAN FOODs | I68: Danish | J68: =M29-O29-N29-L29+I29 -> 35126 | K68: 35126 | L68: =J68-K68 -> 0
D69: 3102990 | H69: SHAN FOODs | I69: Ashraf | J69: =M30-O30-N30-L30+I30+G69 -> 1420162 | K69: 1281692 | L69: =J69-K69 -> 138470
D70: =D68-D69 -> -930157 | H70: SHAN FOODs | I70: Kashif | J70: ='Opening Balance FEB 2026'!F24 -> 66046 | K70: 96296 | L70: =J70-K70 -> -30250
H71: SHAN FOODs | I71: Shahid | J71: ='Opening Balance FEB 2026'!F25 -> 23570 | K71: 23570 | L71: =J71-K71 -> 0
H72: TOTAL | J72: =SUM(J66:J71) -> 3211240 | K72: 3236490 | L72: =J72-K72 -> -25250
H73: COMPANY | I73: ODERBOOKERS | J73: CREDIT AMOUNT
H74: IMPORTED ITEMS | I74: Shahzad Ahmad | J74: =M21-O21-N21-L21+I21-G73 -> 33969 | K74: 33969 | L74: =J74-K74 -> 0
H75: IMPORTED ITEMS | I75: Shahid | J75: =M22-O22-N22-L22+I22 -> 160846 | K75: 33969 | L75: =J75-K75 -> 126877
H76: TOTAL | J76: =SUM(J74:J75) -> 194815 | K76: 160846 | L76: =J76-K76 -> 33969
G77: 0 | H77: COMPANY | I77: ODERBOOKERS | J77: CREDIT AMOUNT | K77: 0
H78: MAHEE | I78: Shahzad Ahmad | J78: =M24-O24-N24-L24+I24-G77 -> 89658 | K78: 89658 | L78: =J78-K78 -> 0
H79: MAHEE | I79: Murtaza | J79: =M25-O25-N25-L25+I25 -> 42000 | K79: 67000 | L79: =J79-K79 -> -25000
H80: TOTAL | J80: =SUM(J78:J79) -> 131658 | K80: =SUM(K77:K79) -> 156658 | L80: =J80-K80 -> -25000
H81: COMPANY | I81: ODERBOOKERS | J81: CREDIT AMOUNT | K81: 0
H82: PAKAGES | I82: Rabnawaz | J82: ='Opening Balance FEB 2026'!F36 -> 103541 | K82: 103541 | L82: =J82-K82 -> 0
H83: PAKAGES | I83: Shahid | J83: ='Opening Balance FEB 2026'!F37 -> 6013 | K83: 6013 | L83: =J83-K83 -> 0
H84: TOTAL | J84: 109554 | K84: =SUM(K81:K83) -> 109554 | L84: =J84-K84 -> 0
H85: COMPANY | I85: ODERBOOKERS | J85: CREDIT AMOUNT | K85: 0
H86: QUICE | I86: Shahid | J86: ='Opening Balance FEB 2026'!F40 -> 16440 | K86: 16440 | L86: =J86-K86 -> 0
H87: TOTAL | J87: 16440 | K87: =SUM(K85:K86) -> 16440
H89: Grand Total | J89: =J87+J84+J80+J76+J72+J64+J56 -> 13003832
D91: ORDERBOOKERS PROGRESS
D92: COMPANY | E92: ODERBOOKERS | F92: MTD SALE | G92: MTD RECOVERY | H92: MTD CREDIT
D93: CBL | E93: Danish | F93: =H5 -> 0 | G93: =O5 -> 32313 | H93: =I5 -> 0
D94: CBL | E94: Danish ws | F94: =H6 -> 345159 | G94: =O6 -> 0 | H94: =I6 -> 345159
D95: CBL | E95: Murtaza | F95: =H7 -> 0 | G95: =O7 -> 51202 | H95: =I7 -> 0
D96: CBL | E96: Ali | F96: =H8 -> 223828 | G96: =O8 -> 104161 | H96: =I8 -> 210838
D97: CBL | E97: Kashif | F97: =H9 -> 113776 | G97: =O9 -> 19509 | H97: =I9 -> 102042
D98: CBL | E98: Anas | F98: =H10+#REF! -> #REF! | G98: =O10 -> 25614 | H98: =I10 -> 15723
D99: TOTAL | F99: =SUM(F93:F98) -> #REF! | G99: =SUM(G93:G98) -> 232799 | H99: =SUM(H93:H98) -> 673762
D100: COMPANY | E100: ODERBOOKERS | F100: MTD SALE | G100: MTD RECOVERY | H100: MTD CREDIT
D101: CDM | E101: Qadeer | F101: =H12 -> 71189 | G101: =O12 -> 63769 | H101: =I12 -> 28714
D102: CDM | E102: Shahid | F102: =H14 -> 121704 | G102: =O14 -> 64272 | H102: =I14 -> 43497
D103: POP NOSH | E103: Shahid | F103: 0 | G103: 0 | H103: 0
D104: TOTAL | F104: =SUM(F101:F103) -> 192893 | G104: =SUM(G101:G103) -> 128041 | H104: =SUM(H101:H103) -> 72211
D105: COMPANY | E105: ODERBOOKERS | F105: MTD SALE | G105: MTD RECOVERY | H105: MTD CREDIT
D106: SHAN FOODs | E106: Khawar | F106: =H27 -> 167308 | G106: =O27 -> 69025 | H106: =I27 -> 167308
D107: SHAN FOODs | E107: Murtaza | F107: =H28 -> 0 | G107: =O28 -> 0 | H107: 0
D108: SHAN FOODs | E108: Ashraf | F108: =#REF!+#REF! -> #REF! | G108: =#REF! -> #REF! | H108: =#REF!+#REF! -> #REF!
D109: TOTAL | F109: =SUM(F106:F108) -> #REF! | G109: =SUM(G106:G108) -> #REF! | H109: =SUM(H106:H108) -> #REF!
D110: COMPANY | E110: ODERBOOKERS | F110: MTD SALE | G110: MTD RECOVERY | H110: MTD CREDIT
D111: IMPORTED ITEMS | E111: Shahzad Ahmad | F111: =H21 -> 0 | G111: =O21 -> 0 | H111: =I21 -> 0
D112: TOTAL | F112: =SUM(F111) -> 0 | G112: =SUM(G111) -> 0 | H112: =SUM(H111) -> 0
...

Sheet 02-03-2026
C2: 46083
C3: Daily Cash Flow Statement
C4: Companies | D4: Order Bookers | E4: Suppliers | F4: Today Supply | G4: Return Stock | H4: Posting | I4: Credit Posted | J4: Summary Cash | K4: Claim Cleard By Suppliers | L4: Sabqa Payment By Suppliers | M4: Recovery List | N4: Return Stock/Claim Clear By OB | O4: Total Recovery
C5: CBL | D5: Danish | E5: Aqib/Faiz | F5: 90007 | G5: 2634 | H5: =F5-G5 -> 87373 | I5: =H5-J5 -> 34506 | J5: 52867 | K5: 0 | L5: 0 | M5: ='01-03-2026'!J50 -> 359515 | N5: 0 | O5: 41122
C6: CBL | D6: Danish ws | E6: - | F6: 0 | G6: 0 | H6: =F6-G6 -> 0 | I6: =H6-J6 -> 0 | J6: 0 | K6: 0 | L6: 0 | M6: ='01-03-2026'!J51 -> 3301305 | N6: 0 | O6: 0
C7: CBL | D7: Murtaza | E7: Ayoub | F7: 114280 | G7: 1408 | H7: =F7-G7 -> 112872 | I7: =H7-J7 -> 107869 | J7: 5003 | K7: 0 | L7: 0 | M7: ='01-03-2026'!J52 -> 1013356 | N7: 0 | O7: 40570
C8: CBL | D8: Murtaza | E8: Awais | F8: 70251 | G8: 0 | H8: =F8-G8 -> 70251 | I8: =H8-J8 -> 65442 | J8: 4809 | K8: 0 | L8: 0 | M8: 0 | N8: 0 | O8: 0
C9: CBL | D9: Ali | E9: Awais | F9: 51794 | G9: 0 | H9: =F9-G9 -> 51794 | I9: =H9-J9 -> 36510 | J9: 15284 | K9: 0 | L9: 0 | M9: ='01-03-2026'!J53 -> 834711 | N9: 0 | O9: 44129
C10: CBL | D10: Kashif | E10: Aqib/Faiz | F10: 95030 | G10: 5166 | H10: =F10-G10 -> 89864 | I10: =H10-J10 -> 79373 | J10: 10491 | K10: 0 | L10: 0 | M10: ='01-03-2026'!J54 -> 1058186 | N10: 0 | O10: 28373
C11: CBL | D11: Anas | E11: Ayoub | F11: 35055 | G11: 0 | H11: =F11-G11 -> 35055 | I11: =H11-J11 -> 26929 | J11: 8126 | K11: 0 | L11: 0 | M11: ='01-03-2026'!J55 -> 470116 | N11: 0 | O11: 42946
C12: Total | F12: =SUM(F5:F11) -> 456417 | G12: =SUM(G5:G11) -> 9208 | H12: =SUM(H5:H11) -> 447209 | I12: =SUM(I5:I11) -> 350629 | J12: =SUM(J5:J11) -> 96580 | K12: =SUM(K5:K11) -> 0 | L12: =SUM(L5:L11) -> 0 | M12: =SUM(M5:M11) -> 7037189 | ... O12: =SUM(O5:O11) -> 197140
C13: CDM/TANG | D13: QADEER | E13: Ikram | F13: 255556 | G13: 2613 | H13: =F13-G13 -> 252943 | I13: =H13-J13 -> 230037 | J13: 22906 | K13: 0 | L13: 0 | M13: ='01-03-2026'!J59 -> 238908 | N13: 0 | O13: 33057
C14: CDM/TANG | D14: SHAHID | E14: Ikram | F14: 59685 | G14: 0 | H14: =F14-G14 -> 59685 | I14: =H14-J14 -> 51512 | J14: 8173 | K14: 0 | L14: 15651 | M14: ='01-03-2026'!J60 -> 1462907 | N14: 0 | O14: 0
C15: CDM/TANG | D15: SHAHID | E15: Aqib/Faiz | F15: 78329 | G15: 7272 | H15: =F15-G15 -> 71057 | I15: =H15-J15 -> 0 | J15: 71057 | K15: 0 | L15: 0 | M15: 0 | N15: 0 | O15: 0
C16: CDM/TANG | D16: DANISH | E16: Sami | F16: 123347 | G16: 0 | H16: =F16-G16 -> 123347 | I16: =H16-J16 -> 95985 | J16: 27362 | K16: 0 | L16: 0 | M16: ='01-03-2026'!J61 -> 541704 | N16: 0 | O16: 20000
C17: CDM/TANG | D17: DANISH | E17: Aqib/Faiz | F17: 10316 | G17: 0 | H17: =F17-G17 -> 10316 | I17: =H17-J17 -> 0 | J17: 10316 | K17: 0 | L17: 0 | M17: 0 | N17: 0 | O17: 0
C18: CDM/TANG | D18: Kashif | E18: Aqib/Faiz | F18: 9753 | G18: 0 | H18: =F18-G18 -> 9753 | I18: =H18-J18 -> 0 | J18: 9753 | K18: 0 | L18: 0 | M18: ='01-03-2026'!J62 -> 8160 | N18: 0 | O18: 0
C19: CDM/TANG | D19: Murtaza | E19: - | F19: 0 | G19: 0 | H19: =F19-G19 -> 0 | I19: =H19-J19 -> 0 | J19: 0 | K19: 0 | L19: 0 | M19: 0 | N19: 0 | O19: 0
C20: CDM/TANG | F20: =SUM(F13:F19) -> 536986 | G20: =SUM(G13:G19) -> 9885 | H20: =SUM(H13:H18) -> 527101 | I20: =SUM(I13:I18) -> 377534 | J20: =SUM(J13:J19) -> 149567 | K20: =SUM(K13:K18) -> 0 | L20: =SUM(L13:L18) -> 15651 | M20: =SUM(M13:M19) -> 2251679 | N20: =SUM(N13:N18) -> 0 | O20: =SUM(O13:O19) -> 53057
C21: POP NOSH | D21: SHAHID | E21: - | F21: 0 | G21: 0 | H21: =F21-G21 -> 0 | I21: =H21-J21 -> 0 | J21: 0 | K21: 0 | L21: 0 | M21: ='01-03-2026'!J63 -> 51257 | N21: 0 | O21: 0
F22: =SUM(F21) -> 0 | G22: =SUM(G21) -> 0 | H22: =SUM(H21) -> 0 | I22: =SUM(I21) -> 0 | J22: =SUM(J21) -> 0 | K22: =SUM(K21) -> 0 | L22: =SUM(L21) -> 0 | M22: =SUM(M21) -> 51257 | ... O22: =SUM(O21) -> 0
C23: Imported Items | D23: SHAHZAD AHMAD | E23: - | F23: 0 | G23: 0 | H23: =F23-G23 -> 0 | I23: =H23-J23 -> 0 | J23: 0 | K23: 0 | L23: 0 | M23: ='01-03-2026'!J74 -> 33969 | N23: 0 | O23: 0
C24: Imported Items | D24: SHAHID | E24: - | F24: 0 | G24: 0 | H24: =F24-G24 -> 0 | I24: =H24-J24 -> 0 | J24: 0 | K24: 0 | L24: 0 | M24: ='01-03-2026'!J75 -> 160846 | N24: 0 | O24: 0
C25: Total | F25: =SUM(F23:F24) -> 0 | G25: =SUM(G23:G24) -> 0 | H25: =SUM(H23:H24) -> 0 | I25: =SUM(I23:I24) -> 0 | J25: =SUM(J23:J24) -> 0 | K25: =SUM(K23:K24) -> 0 | L25: =SUM(L23:L24) -> 0 | M25: =SUM(M23:M24) -> 194815 | ... O25: =SUM(O23:O24) -> 0
C26: TAHORA | D26: SHAHZAD AHMAD | E26: - | F26: 0 | G26: 0 | H26: =F26-G26 -> 0 | I26: =H26-J26 -> 0 | J26: 0 | K26: 0 | L26: 0 | M26: ='01-03-2026'!J78 -> 89658 | N26: 0 | O26: 0
C27: TAHORA | D27: MURTAZA | E27: - | F27: 0 | G27: 0 | H27: =F27-G27 -> 0 | I27: =H27-J27 -> 0 | J27: 0 | K27: 0 | L27: 0 | M27: ='01-03-2026'!J79 -> 42000 | N27: 0 | O27: 0
C28: Total | F28: =SUM(F26:F27) -> 0 | G28: =SUM(G26:G27) -> 0 | H28: =SUM(H26:H27) -> 0 | I28: =SUM(I26:I27) -> 0 | J28: =SUM(J26:J27) -> 0 | K28: =SUM(K26:K27) -> 0 | L28: =SUM(L26:L27) -> 0 | M28: =SUM(M26:M27) -> 131658 | ... O28: =SUM(O26:O27) -> 0
C29: SHAN | D29: KHAWAR | E29: Aqib/Faiz | F29: 27736 | G29: 2839 | H29: =F29-G29 -> 24897 | I29: =H29-J29 -> 22417 | J29: 2480 | K29: 0 | L29: 0 | M29: ='01-03-2026'!J66 -> 1491863 | N29: 0 | O29: 69021
C30: SHAN | D30: MURTAZA | E30: - | F30: 0 | G30: 0 | H30: =F30-G30 -> 0 | I30: =H30-J30 -> 0 | J30: 0 | K30: 0 | L30: 0 | M30: ='01-03-2026'!J67 -> 174473 | N30: 0 | O30: 0
C31: SHAN | D31: DANISH | E31: - | F31: 0 | G31: 0 | H31: =F31-G31 -> 0 | I31: =H31-J31 -> 0 | J31: 0 | K31: 0 | L31: 0 | M31: ='01-03-2026'!J68 -> 35126 | N31: 0 | O31: 0
C32: SHAN | D32: ASHRAF | E32: Ayoub | F32: 36887 | G32: 0 | H32: =F32-G32 -> 36887 | I32: =H32-J32 -> 33406 | J32: 3481 | K32: 0 | L32: 0 | M32: ='01-03-2026'!J69 -> 1420162 | N32: 0 | O32: 43440
C33: Total | F33: =SUM(F29:F32) -> 64623 | G33: =SUM(G29:G32) -> 2839 | H33: =SUM(H29:H32) -> 61784 | I33: =SUM(I29:I32) -> 55823 | J33: =SUM(J29:J32) -> 5961 | K33: =SUM(K29:K32) -> 0 | L33: =SUM(L29:L32) -> 0 | M33: =SUM(M29:M32) -> 3121624 | ... O33: =SUM(O29:O32) -> 112461
C34: NET TOTAL | F34: =F33+F28+F25+F22+F20+F12 -> 1058026 | G34: =G33+G28+G25+G22+G20+G12 -> 21932 | H34: =H33+H28+H25+H22+H20+H12 -> 1036094 | I34: =I33+I28+I25+I22+I20+I12 -> 783986 | J34: =J33+J28+J25+J22+J20+J12 -> 252108 | K34: =K33+K28+K25+K22+K20+K12 -> 0 | L34: =L33+L28+L25+L22+L20+L12 -> 15651 | M34: =M33+M28+M25+M22+M20+M12 -> 12788222 | ... O34: =O33+O28+O25+O22+O20+O12 -> 362658
F35: CBL Cash | G35: =O12+L12+J12-K12 -> 293720
F36: CDM Cash | G36: =O20+L20+J20-K20+O22+L22+J22-K22 -> 218275 | I36: Amount | J36: MCB Onlines | K36: Value | M36: Detail
C37: Onlines | F37: Imported Item Cash | G37: =O25+L25+J25-K25 -> 0
F38: TAHORA | G38: =O28+L28+J28-K28 -> 0
F39: Shan Food's Cash | G39: =O33+L33+J33-K33 -> 118422
F40: Total Cash | G40: =SUM(G35:G39) -> 630417
H50: Today Credit Closed
H51: COMPANY | I51: ODERBOOKERS | J51: CREDIT AMOUNT
H52: CBL | I52: Danish | J52: =M5-O5-N5-L5+I5 -> 352899 | K52: 359515 | L52: =J52-K52 -> -6616
C53: 45931 | H53: CBL | I53: Danish ws | J53: =M6-O6-N6-L6+I6+G53 -> 3301305 | K53: 3301305 | L53: =J53-K53 -> 0
C54: Cash Flow Statement | H54: CBL | I54: Murtaza | J54: =M7-O7-N7-L7+I7+G54+I8 -> 1146097 | K54: 1013356 | L54: =J54-K54 -> 132741
C55: Opening Cash | D55: ='Opening Balance FEB 2026'!J4 -> 1308640 | H55: CBL | I55: Ali | J55: =M9-O9-N9-L9+I9+G55 -> 827092 | K55: 834711 | L55: =J55-K55 -> -7619
C56: Today Cash Collection | D56: =G40 -> 630417 | H56: CBL | I56: Kashif | J56: =M10-O10-N10-L10+I10+G56 -> 1109186 | K56: 1058186 | L56: =J56-K56 -> 51000
C57: TOTAL | D57: =D55+D56 -> 1939057 | H57: CBL | I57: Anas | J57: =M11-O11-N11-L11+I11+G57 -> 454099 | K57: 470116 | L57: =J57-K57 -> -16017
C58: Daily EXPS | D58: 0 | H58: TOTAL | J58: =SUM(J52:J57) -> 7190678 | K58: 7190678 | L58: =J58-K58 -> 0
C59: Personal | D59: 0
C60: Kamyti | D60: 10000 | H60: COMPANY | I60: ODERBOOKERS | J60: CREDIT AMOUNT
C61: TOTAL EXPS | D61: =SUM(D58:E60) -> 10000 | H61: CDM | I61: Qadeer | J61: =M13-O13-N13-L13+I13 -> 435888 | K61: 282651 | L61: =J61-K61 -> 153237
C62: Remaining Cash | D62: =D57-D58-D60-D59 -> 1929057 | H62: CDM | I62: Shahid | J62: =M14-O14-N14-L14+I14 -> 1498768 | K62: 1508814 | L62: =J62-K62 -> -10046
C63: Onlines | H63: CDM | I63: Danish | J63: =M16-O16-N16-L16+I16 -> 617689 | K63: 612306 | L63: =J63-K63 -> 5383
C64: CBL | D64: 0 | H64: CDM | I64: Kashif | J64: 8160 | K64: 8160 | L64: =J64-K64 -> 0
C65: CDM & Tang | D65: 0 | H65: POP NOSH | I65: Shahid | J65: =M21-O21-N21-L21+I21 -> 51257 | K65: 51257 | L65: =J65-K65 -> 0
C66: Shan Foods | D66: 0 | H66: TOTAL | J66: =SUM(J61:J65) -> 2611762 | K66: =SUM(K61:K65) -> 2463188 | L66: =J66-K66 -> 148574
C67: POP Nosh | D67: 0 | H67: COMPANY | I67: ODERBOOKERS | J67: CREDIT AMOUNT
C68: Uncle Nadeem | D68: 0 | H68: SHAN FOODs | I68: Khawar | J68: =M29-O29-N29-L29+I29+G68 -> 1445259 | K68: 1380437 | L68: =J68-K68 -> 64822
C69: TOTAL ONLINES | D69: =SUM(D64:D68) -> 0 | H69: SHAN FOODs | I69: Murtaza | J69: =M30-O30-N30-L30+I30 -> 174473 | K69: 174473 | L69: =J69-K69 -> 0
C70: Today Closing Cash | D70: =D62-D69 -> 1929057 | H70: SHAN FOODs | I70: Danish | J70: =M31-O31-N31-L31+I31 -> 35126 | K70: 35126 | L70: =J70-K70 -> 0
D71: 3102990 | H71: SHAN FOODs | I71: Ashraf | J71: =M32-O32-N32-L32+I32+G71 -> 1410128 | K71: 1281692 | L71: =J71-K71 -> 128436
D72: =D70-D71 -> -1173933 | H72: SHAN FOODs | I72: Kashif | J72: ='Opening Balance FEB 2026'!F24 -> 66046 | K72: 96296 | L72: =J72-K72 -> -30250
H73: SHAN FOODs | I73: Shahid | J73: ='Opening Balance FEB 2026'!F25 -> 23570 | K73: 23570 | L73: =J73-K73 -> 0
H74: TOTAL | J74: =SUM(J68:J73) -> 3154602 | K74: 3179852 | L74: =J74-K74 -> -25250
H75: COMPANY | I75: ODERBOOKERS | J75: CREDIT AMOUNT
H76: IMPORTED ITEMS | I76: Shahzad Ahmad | J76: =M23-O23-N23-L23+I23-G75 -> 33969 | K76: 33969 | L76: =J76-K76 -> 0
H77: IMPORTED ITEMS | I77: Shahid | J77: =M24-O24-N24-L24+I24 -> 160846 | K77: 33969 | L77: =J77-K77 -> 126877
H78: TOTAL | J78: =SUM(J76:J77) -> 194815 | K78: 160846 | L78: =J78-K78 -> 33969
G79: 0 | H79: COMPANY | I79: ODERBOOKERS | J79: CREDIT AMOUNT | K79: 0
H80: MAHEE | I80: Shahzad Ahmad | J80: =M26-O26-N26-L26+I26-G79 -> 89658 | K80: 89658 | L80: =J80-K80 -> 0
H81: MAHEE | I81: Murtaza | J81: =M27-O27-N27-L27+I27 -> 42000 | K81: 67000 | L81: =J81-K81 -> -25000
H82: TOTAL | J82: =SUM(J80:J81) -> 131658 | K82: =SUM(K79:K81) -> 156658 | L82: =J82-K82 -> -25000
H83: COMPANY | I83: ODERBOOKERS | J83: CREDIT AMOUNT | K83: 0
H84: PAKAGES | I84: Rabnawaz | J84: ='Opening Balance FEB 2026'!F36 -> 103541 | K84: 103541 | L84: =J84-K84 -> 0
H85: PAKAGES | I85: Shahid | J85: ='Opening Balance FEB 2026'!F37 -> 6013 | K85: 6013 | L85: =J85-K85 -> 0
H86: TOTAL | J86: 109554 | K86: =SUM(K83:K85) -> 109554 | L86: =J86-K86 -> 0
H87: COMPANY | I87: ODERBOOKERS | J87: CREDIT AMOUNT | K87: 0
H88: QUICE | I88: Shahid | J88: ='Opening Balance FEB 2026'!F40 -> 16440 | K88: 16440 | L88: =J88-K88 -> 0
H89: TOTAL | J89: 16440 | K89: =SUM(K87:K88) -> 16440
H91: Grand Total | J91: =J89+J86+J82+J78+J74+J66+J58 -> 13409509
D93: ORDERBOOKERS PROGRESS
D94: COMPANY | E94: ODERBOOKERS | F94: MTD SALE | G94: MTD RECOVERY | H94: MTD CREDIT
D95: CBL | E95: Danish | F95: =H5 -> 87373 | G95: =O5 -> 41122 | H95: =I5 -> 34506
D96: CBL | E96: Danish ws | F96: =H6 -> 0 | G96: =O6 -> 0 | H96: =I6 -> 0
D97: CBL | E97: Murtaza | F97: =H7 -> 112872 | G97: =O7 -> 40570 | H97: =I7 -> 107869
D98: CBL | E98: Ali | F98: =H9 -> 51794 | G98: =O9 -> 44129 | H98: =I9 -> 36510
D99: CBL | E99: Kashif | F99: =H10 -> 89864 | G99: =O10 -> 28373 | H99: =I10 -> 79373
D100: CBL | E100: Anas | F100: =H11+#REF! -> #REF! | G100: =O11 -> 42946 | H100: =I11 -> 26929
D101: TOTAL | F101: =SUM(F95:F100) -> #REF! | G101: =SUM(G95:G100) -> 197140 | H101: =SUM(H95:H100) -> 285187
D102: COMPANY | E102: ODERBOOKERS | F102: MTD SALE | G102: MTD RECOVERY | H102: MTD CREDIT
D103: CDM | E103: Qadeer | F103: =H13 -> 252943 | G103: =O13 -> 33057 | H103: =I13 -> 230037
D104: CDM | E104: Shahid | F104: =H14 -> 59685 | G104: =O14 -> 0 | H104: =I14 -> 51512
D105: POP NOSH | E105: Shahid | F105: 0 | G105: 0 | H105: 0
D106: TOTAL | F106: =SUM(F103:F105) -> 312628 | G106: =SUM(G103:G105) -> 33057 | H106: =SUM(H103:H105) -> 281549
D107: COMPANY | E107: ODERBOOKERS | F107: MTD SALE | G107: MTD RECOVERY | H107: MTD CREDIT
D108: SHAN FOODs | E108: Khawar | F108: =H29 -> 24897 | G108: =O29 -> 69021 | H108: =I29 -> 22417
D109: SHAN FOODs | E109: Murtaza | F109: =H30 -> 0 | G109: =O30 -> 0 | H109: 0
D110: SHAN FOODs | E110: Ashraf | F110: =#REF!+#REF! -> #REF! | G110: =#REF! -> #REF! | H110: =#REF!+#REF! -> #REF!
D111: TOTAL | F111: =SUM(F108:F110) -> #REF! | G111: =SUM(G108:G110) -> #REF! | H111: =SUM(H108:H110) -> #REF!
D112: COMPANY | E112: ODERBOOKERS | F112: MTD SALE | G112: MTD RECOVERY | H112: MTD CREDIT
...

Sheet 03-03-2026
C2: 46084
C3: Daily Cash Flow Statement
C4: Companies | D4: Order Bookers | E4: Suppliers | F4: Today Supply | G4: Return Stock | H4: Posting | I4: Credit Posted | J4: Summary Cash | K4: Claim Cleard By Suppliers | L4: Sabqa Payment By Suppliers | M4: Recovery List | N4: Return Stock/Claim Clear By OB | O4: Total Recovery
C5: CBL | D5: Danish | E5: Aqib/Faiz | F5: 67808 | G5: 2054 | H5: =F5-G5 -> 65754 | I5: =H5-J5 -> 23341 | J5: 42413 | K5: 1624 | L5: 5000 | M5: ='02-03-2026'!J52 -> 352899 | N5: 0 | O5: 39440
C6: CBL | D6: Danish | E6: Ikram/Saad | F6: 41683 | G6: 3220 | H6: =F6-G6 -> 38463 | I6: =H6-J6 -> 25650 | J6: 12813 | K6: 0 | L6: 10000 | M6: 0 | N6: 0 | O6: 0
C7: CBL | D7: Danish ws | E7: - | F7: 0 | G7: 0 | H7: =F7-G7 -> 0 | I7: =H7-J7 -> 0 | J7: 0 | K7: 0 | L7: 0 | M7: ='02-03-2026'!J53 -> 3301305 | N7: 0 | O7: 195000
C8: CBL | D8: Murtaza | E8: Aqib/Faiz | F8: 100132 | G8: 1387 | H8: =F8-G8 -> 98745 | I8: =H8-J8 -> 50137 | J8: 48608 | K8: 0 | L8: 0 | M8: ='02-03-2026'!J54 -> 1146097 | N8: 0 | O8: 70596
C9: CBL | D9: Ali | E9: Ayoub | F9: 68081 | G9: 1870 | H9: =F9-G9 -> 66211 | I9: =H9-J9 -> 59729 | J9: 6482 | K9: 0 | L9: 0 | M9: ='02-03-2026'!J55 -> 827092 | N9: 0 | O9: 91603
C10: CBL | D10: Kashif | E10: Awais | F10: 105084 | G10: 0 | H10: =F10-G10 -> 105084 | I10: =H10-J10 -> 65489 | J10: 39595 | K10: 265 | L10: 1000 | M10: ='02-03-2026'!J56 -> 1109186 | N10: 0 | O10: 27349
C11: CBL | D11: Anas | E11: Ikram/Saad | F11: 47680 | G11: 1099 | H11: =F11-G11 -> 46581 | I11: =H11-J11 -> 29601 | J11: 16980 | K11: 0 | L11: 0 | M11: ='02-03-2026'!J57 -> 454099 | N11: 0 | O11: 31775
C12: Total | F12: =SUM(F5:F11) -> 430468 | G12: =SUM(G5:G11) -> 9630 | H12: =SUM(H5:H11) -> 420838 | I12: =SUM(I5:I11) -> 253947 | J12: =SUM(J5:J11) -> 166891 | K12: =SUM(K5:K11) -> 1889 | L12: =SUM(L5:L11) -> 16000 | M12: =SUM(M5:M11) -> 7190678 | ... O12: =SUM(O5:O11) -> 455763
C13: CDM/TANG | D13: QADEER | E13: Sami | F13: 114159 | G13: 10159 | H13: =F13-G13 -> 104000 | I13: =H13-J13 -> 38492 | J13: 65508 | K13: 305 | L13: 0 | M13: ='02-03-2026'!J61 -> 435888 | N13: 0 | O13: 13413
C14: CDM/TANG | D14: SHAHID | E14: Awais | F14: 115818 | G14: 0 | H14: =F14-G14 -> 115818 | I14: =H14-J14 -> 34766 | J14: 81052 | K14: 0 | L14: 0 | M14: ='02-03-2026'!J62 -> 1498768 | N14: 0 | O14: 330163
C15: CDM/TANG | D15: SHAHID | E15: Ikram/Saad | F15: 21116 | G15: 1395 | H15: =F15-G15 -> 19721 | I15: =H15-J15 -> 0 | J15: 19721 | K15: 0 | L15: 0 | M15: 0 | N15: 0 | O15: 0
C16: CDM/TANG | D16: SHAHID | E16: Ikram/Saad | F16: 31467 | G16: 0 | H16: =F16-G16 -> 31467 | I16: =H16-J16 -> 0 | J16: 31467 | K16: 0 | L16: 0 | M16: 0 | N16: 0 | O16: 0
C17: CDM/TANG | D17: DANISH | E17: Sami | F17: 0 | G17: 0 | H17: =F17-G17 -> 0 | I17: =H17-J17 -> 0 | J17: 0 | K17: 0 | L17: 0 | M17: ='02-03-2026'!J63 -> 617689 | N17: 0 | O17: 0
C18: CDM/TANG | D18: Kashif | E18: Awais | F18: 0 | G18: 0 | H18: =F18-G18 -> 0 | I18: =H18-J18 -> 0 | J18: 0 | K18: 0 | L18: 0 | M18: 0 | N18: 0 | O18: 0
C19: CDM/TANG | D19: Murtaza | E19: Aqib/Faiz | F19: 30193 | G19: 0 | H19: =F19-G19 -> 30193 | I19: =H19-J19 -> 0 | J19: 30193 | K19: 0 | L19: 0 | M19: 0 | N19: 0 | O19: 0
C20: CDM/TANG | F20: =SUM(F13:F19) -> 312753 | G20: =SUM(G13:G19) -> 11554 | H20: =SUM(H13:H18) -> 271006 | I20: =SUM(I13:I18) -> 73258 | J20: =SUM(J13:J19) -> 227941 | K20: =SUM(K13:K18) -> 305 | L20: =SUM(L13:L18) -> 0 | M20: =SUM(M13:M19) -> 2552345 | N20: =SUM(N13:N18) -> 0 | O20: =SUM(O13:O19) -> 343576
C21: POP NOSH | D21: SHAHID | E21: - | F21: 0 | G21: 0 | H21: =F21-G21 -> 0 | I21: =H21-J21 -> 0 | J21: 0 | K21: 0 | L21: 0 | M21: ='02-03-2026'!J65 -> 51257 | N21: 0 | O21: 0
F22: =SUM(F21) -> 0 | G22: =SUM(G21) -> 0 | H22: =SUM(H21) -> 0 | I22: =SUM(I21) -> 0 | J22: =SUM(J21) -> 0 | K22: =SUM(K21) -> 0 | L22: =SUM(L21) -> 0 | M22: =SUM(M21) -> 51257 | ... O22: =SUM(O21) -> 0
C23: Imported Items | D23: SHAHZAD AHMAD | E23: - | F23: 0 | G23: 0 | H23: =F23-G23 -> 0 | I23: =H23-J23 -> 0 | J23: 0 | K23: 0 | L23: 0 | M23: ='02-03-2026'!J76 -> 33969 | N23: 0 | O23: 0
C24: Imported Items | D24: SHAHID | E24: - | F24: 0 | G24: 0 | H24: =F24-G24 -> 0 | I24: =H24-J24 -> 0 | J24: 0 | K24: 0 | L24: 0 | M24: ='02-03-2026'!J77 -> 160846 | N24: 0 | O24: 0
C25: Total | F25: =SUM(F23:F24) -> 0 | G25: =SUM(G23:G24) -> 0 | H25: =SUM(H23:H24) -> 0 | I25: =SUM(I23:I24) -> 0 | J25: =SUM(J23:J24) -> 0 | K25: =SUM(K23:K24) -> 0 | L25: =SUM(L23:L24) -> 0 | M25: =SUM(M23:M24) -> 194815 | ... O25: =SUM(O23:O24) -> 0
C26: TAHORA | D26: SHAHZAD AHMAD | E26: - | F26: 0 | G26: 0 | H26: =F26-G26 -> 0 | I26: =H26-J26 -> 0 | J26: 0 | K26: 0 | L26: 0 | M26: ='02-03-2026'!J80 -> 89658 | N26: 0 | O26: 0
C27: TAHORA | D27: MURTAZA | E27: - | F27: 0 | G27: 0 | H27: =F27-G27 -> 0 | I27: =H27-J27 -> 0 | J27: 0 | K27: 0 | L27: 0 | M27: ='02-03-2026'!J81 -> 42000 | N27: 0 | O27: 0
C28: Total | F28: =SUM(F26:F27) -> 0 | G28: =SUM(G26:G27) -> 0 | H28: =SUM(H26:H27) -> 0 | I28: =SUM(I26:I27) -> 0 | J28: =SUM(J26:J27) -> 0 | K28: =SUM(K26:K27) -> 0 | L28: =SUM(L26:L27) -> 0 | M28: =SUM(M26:M27) -> 131658 | ... O28: =SUM(O26:O27) -> 0
C29: SHAN | D29: KHAWAR | E29: Aqib/Faiz | F29: 33068 | G29: 0 | H29: =F29-G29 -> 33068 | I29: =H29-J29 -> 33068 | J29: 0 | K29: 0 | L29: 0 | M29: ='02-03-2026'!J68 -> 1445259 | N29: 0 | O29: 18000
C30: SHAN | D30: KHAWAR | E30: Ikram/Saad | F30: 28479 | G30: 1516 | H30: =F30-G30 -> 26963 | I30: =H30-J30 -> 18921 | J30: 8042 | K30: 0 | L30: 0 | M30: 0 | N30: 0 | O30: 0
C31: SHAN | D31: MURTAZA | E31: - | F31: 0 | G31: 0 | H31: =F31-G31 -> 0 | I31: =H31-J31 -> 0 | J31: 0 | K31: 0 | L31: 0 | M31: ='02-03-2026'!J69 -> 174473 | N31: 0 | O31: 0
C32: SHAN | D32: DANISH | E32: - | F32: 0 | G32: 0 | H32: =F32-G32 -> 0 | I32: =H32-J32 -> 0 | J32: 0 | K32: 0 | L32: 0 | M32: ='02-03-2026'!J70 -> 35126 | N32: 0 | O32: 0
C33: SHAN | D33: ASHRAF | E33: Ayoub | F33: 32529 | G33: 0 | H33: =F33-G33 -> 32529 | I33: =H33-J33 -> 32529 | J33: 0 | K33: 0 | L33: 0 | M33: ='02-03-2026'!J71 -> 1410128 | N33: 0 | O33: 71948
C34: Total | F34: =SUM(F29:F33) -> 94076 | G34: =SUM(G29:G33) -> 1516 | H34: =SUM(H29:H33) -> 92560 | I34: =SUM(I29:I33) -> 84518 | J34: =SUM(J29:J33) -> 8042 | K34: =SUM(K29:K33) -> 0 | L34: =SUM(L29:L33) -> 0 | M34: =SUM(M29:M33) -> 3064986 | ... O34: =SUM(O29:O33) -> 89948
C35: NET TOTAL | F35: =F34+F28+F25+F22+F20+F12 -> 837297 | G35: =G34+G28+G25+G22+G20+G12 -> 22700 | H35: =H34+H28+H25+H22+H20+H12 -> 784404 | I35: =I34+I28+I25+I22+I20+I12 -> 411723 | J35: =J34+J28+J25+J22+J20+J12 -> 402874 | K35: =K34+K28+K25+K22+K20+K12 -> 2194 | L35: =L34+L28+L25+L22+L20+L12 -> 16000 | M35: =M34+M28+M25+M22+M20+M12 -> 13185739 | ... O35: =O34+O28+O25+O22+O20+O12 -> 889287
F36: CBL Cash | G36: =O12+L12+J12-K12 -> 636765
F37: CDM Cash | G37: =O20+L20+J20-K20+O22+L22+J22-K22 -> 571212 | I37: Amount | J37: MCB Onlines | K37: Value | M37: Detail
C38: Onlines | F38: Imported Item Cash | G38: =O25+L25+J25-K25 -> 0
F39: TAHORA | G39: =O28+L28+J28-K28 -> 0
F40: Shan Food's Cash | G40: =O34+L34+J34-K34 -> 97990
F41: Total Cash | G41: =SUM(G36:G40) -> 1305967
H51: Today Credit Closed
H52: COMPANY | I52: ODERBOOKERS | J52: CREDIT AMOUNT
H53: CBL | I53: Danish | J53: =M5-O5-N5-L5+I5+I6-L6 -> 347450 | K53: 359515 | L53: =J53-K53 -> -12065
C54: 45931 | H54: CBL | I54: Danish ws | J54: =M7-O7-N7-L7+I7+G54 -> 3106305 | K54: 3301305 | L54: =J54-K54 -> -195000
C55: Cash Flow Statement | H55: CBL | I55: Murtaza | J55: =M8-O8-N8-L8+I8+G55 -> 1125638 | K55: 1013356 | L55: =J55-K55 -> 112282
C56: Opening Cash | D56: ='Opening Balance FEB 2026'!J4 -> 1308640 | H56: CBL | I56: Ali | J56: =M9-O9-N9-L9+I9+G56 -> 795218 | K56: 834711 | L56: =J56-K56 -> -39493
C57: Today Cash Collection | D57: =G41 -> 1305967 | H57: CBL | I57: Kashif | J57: =M10-O10-N10-L10+I10+G57 -> 1146326 | K57: 1058186 | L57: =J57-K57 -> 88140
C58: TOTAL | D58: =D56+D57 -> 2614607 | H58: CBL | I58: Anas | J58: =M11-O11-N11-L11+I11+G58 -> 451925 | K58: 470116 | L58: =J58-K58 -> -18191
C59: Daily EXPS | D59: 0 | H59: TOTAL | J59: =SUM(J53:J58) -> 6972862 | K59: 6972862 | L59: =J59-K59 -> 0
C60: Personal | D60: 0
C61: Kamyti | D61: 10000 | H61: COMPANY | I61: ODERBOOKERS | J61: CREDIT AMOUNT
C62: TOTAL EXPS | D62: =SUM(D59:E61) -> 10000 | H62: CDM | I62: Qadeer | J62: =M13-O13-N13-L13+I13 -> 460967 | K62: 282651 | L62: =J62-K62 -> 178316
C63: Remaining Cash | D63: =D58-D59-D61-D60 -> 2604607 | H63: CDM | I63: Shahid | J63: =M14-O14-N14-L14+I14 -> 1203371 | K63: 1508814 | L63: =J63-K63 -> -305443
C64: Onlines | H64: CDM | I64: Danish | J64: =M17-O17-N17-L17+I17 -> 617689 | K64: 612306 | L64: =J64-K64 -> 5383
C65: CBL | D65: 0 | H65: CDM | I65: Kashif | J65: 8160 | K65: 8160 | L65: =J65-K65 -> 0
C66: CDM & Tang | D66: 0 | H66: POP NOSH | I66: Shahid | J66: =M21-O21-N21-L21+I21 -> 51257 | K66: 51257 | L66: =J66-K66 -> 0
C67: Shan Foods | D67: 0 | H67: TOTAL | J67: =SUM(J62:J66) -> 2341444 | K67: =SUM(K62:K66) -> 2463188 | L67: =J67-K67 -> -121744
C68: POP Nosh | D68: 0 | H68: COMPANY | I68: ODERBOOKERS | J68: CREDIT AMOUNT
C69: Uncle Nadeem | D69: 0 | H69: SHAN FOODs | I69: Khawar | J69: =M29-O29-N29-L29+I29+G69+I30 -> 1479248 | K69: 1380437 | L69: =J69-K69 -> 98811
C70: TOTAL ONLINES | D70: =SUM(D65:D69) -> 0 | H70: SHAN FOODs | I70: Murtaza | J70: =M31-O31-N31-L31+I31 -> 174473 | K70: 174473 | L70: =J70-K70 -> 0
C71: Today Closing Cash | D71: =D63-D70 -> 2604607 | H71: SHAN FOODs | I71: Danish | J71: =M32-O32-N32-L32+I32 -> 35126 | K71: 35126 | L71: =J71-K71 -> 0
D72: 3102990 | H72: SHAN FOODs | I72: Ashraf | J72: =M33-O33-N33-L33+I33+G72 -> 1370709 | K72: 1281692 | L72: =J72-K72 -> 89017
D73: =D71-D72 -> -498383 | H73: SHAN FOODs | I73: Kashif | J73: ='Opening Balance FEB 2026'!F24 -> 66046 | K73: 96296 | L73: =J73-K73 -> -30250
H74: SHAN FOODs | I74: Shahid | J74: ='Opening Balance FEB 2026'!F25 -> 23570 | K74: 23570 | L74: =J74-K74 -> 0
H75: TOTAL | J75: =SUM(J69:J74) -> 3149172 | K75: 3174422 | L75: =J75-K75 -> -25250
H76: COMPANY | I76: ODERBOOKERS | J76: CREDIT AMOUNT
H77: IMPORTED ITEMS | I77: Shahzad Ahmad | J77: =M23-O23-N23-L23+I23-G76 -> 33969 | K77: 33969 | L77: =J77-K77 -> 0
H78: IMPORTED ITEMS | I78: Shahid | J78: =M24-O24-N24-L24+I24 -> 160846 | K78: 33969 | L78: =J78-K78 -> 126877
H79: TOTAL | J79: =SUM(J77:J78) -> 194815 | K79: 160846 | L79: =J79-K79 -> 33969
G80: 0 | H80: COMPANY | I80: ODERBOOKERS | J80: CREDIT AMOUNT | K80: 0
H81: MAHEE | I81: Shahzad Ahmad | J81: =M26-O26-N26-L26+I26-G80 -> 89658 | K81: 89658 | L81: =J81-K81 -> 0
H82: MAHEE | I82: Murtaza | J82: =M27-O27-N27-L27+I27 -> 42000 | K82: 67000 | L82: =J82-K82 -> -25000
H83: TOTAL | J83: =SUM(J81:J82) -> 131658 | K83: =SUM(K80:K82) -> 156658 | L83: =J83-K83 -> -25000
H84: COMPANY | I84: ODERBOOKERS | J84: CREDIT AMOUNT | K84: 0
H85: PAKAGES | I85: Rabnawaz | J85: ='Opening Balance FEB 2026'!F36 -> 103541 | K85: 103541 | L85: =J85-K85 -> 0
H86: PAKAGES | I86: Shahid | J86: ='Opening Balance FEB 2026'!F37 -> 6013 | K86: 6013 | L86: =J86-K86 -> 0
H87: TOTAL | J87: 109554 | K87: =SUM(K84:K86) -> 109554 | L87: =J87-K87 -> 0
H88: COMPANY | I88: ODERBOOKERS | J88: CREDIT AMOUNT | K88: 0
H89: QUICE | I89: Shahid | J89: ='Opening Balance FEB 2026'!F40 -> 16440 | K89: 16440 | L89: =J89-K89 -> 0
H90: TOTAL | J90: 16440 | K90: =SUM(K88:K89) -> 16440
H92: Grand Total | J92: =J90+J87+J83+J79+J75+J67+J59 -> 12915945
D94: ORDERBOOKERS PROGRESS
D95: COMPANY | E95: ODERBOOKERS | F95: MTD SALE | G95: MTD RECOVERY | H95: MTD CREDIT
D96: CBL | E96: Danish | F96: =H5 -> 65754 | G96: =O5 -> 39440 | H96: =I5 -> 23341
D97: CBL | E97: Danish ws | F97: =H7 -> 0 | G97: =O7 -> 195000 | H97: =I7 -> 0
D98: CBL | E98: Murtaza | F98: =H8 -> 98745 | G98: =O8 -> 70596 | H98: =I8 -> 50137
D99: CBL | E99: Ali | F99: =H9 -> 66211 | G99: =O9 -> 91603 | H99: =I9 -> 59729
D100: CBL | E100: Kashif | F100: =H10 -> 105084 | G100: =O10 -> 27349 | H100: =I10 -> 65489
D101: CBL | E101: Anas | F101: =H11+#REF! -> #REF! | G101: =O11 -> 31775 | H101: =I11 -> 29601
D102: TOTAL | F102: =SUM(F96:F101) -> #REF! | G102: =SUM(G96:G101) -> 455763 | H102: =SUM(H96:H101) -> 228297
D103: COMPANY | E103: ODERBOOKERS | F103: MTD SALE | G103: MTD RECOVERY | H103: MTD CREDIT
D104: CDM | E104: Qadeer | F104: =H13 -> 104000 | G104: =O13 -> 13413 | H104: =I13 -> 38492
D105: CDM | E105: Shahid | F105: =H14 -> 115818 | G105: =O14 -> 330163 | H105: =I14 -> 34766
D106: POP NOSH | E106: Shahid | F106: 0 | G106: 0 | H106: 0
D107: TOTAL | F107: =SUM(F104:F106) -> 219818 | G107: =SUM(G104:G106) -> 343576 | H107: =SUM(H104:H106) -> 73258
D108: COMPANY | E108: ODERBOOKERS | F108: MTD SALE | G108: MTD RECOVERY | H108: MTD CREDIT
D109: SHAN FOODs | E109: Khawar | F109: =H29 -> 33068 | G109: =O29 -> 18000 | H109: =I29 -> 33068
D110: SHAN FOODs | E110: Murtaza | F110: =H31 -> 0 | G110: =O31 -> 0 | H110: 0
D111: SHAN FOODs | E111: Ashraf | F111: =#REF!+#REF! -> #REF! | G111: =#REF! -> #REF! | H111: =#REF!+#REF! -> #REF!
D112: TOTAL | F112: =SUM(F109:F111) -> #REF! | G112: =SUM(G109:G111) -> #REF! | H112: =SUM(H109:H111) -> #REF!
...

Sheet 04-03-2026
C2: 46085
C3: Daily Cash Flow Statement
C4: Companies | D4: Order Bookers | E4: Suppliers | F4: Today Supply | G4: Return Stock | H4: Posting | I4: Credit Posted | J4: Summary Cash | K4: Claim Cleard By Suppliers | L4: Sabqa Payment By Suppliers | M4: Recovery List | N4: Return Stock/Claim Clear By OB | O4: Total Recovery
C5: CBL | D5: Danish | E5: Aqib/Faiz | F5: 0 | G5: 0 | H5: =F5-G5 -> 0 | I5: =H5-J5 -> 0 | J5: 0 | K5: 0 | L5: 0 | M5: ='03-03-2026'!J53 -> 347450 | N5: 0 | O5: 0
C6: CBL | D6: Danish ws | E6: Ayoub | F6: 455554 | G6: 0 | H6: =F6-G6 -> 455554 | I6: =H6-J6 -> 455554 | J6: 0 | K6: 0 | L6: 0 | M6: ='03-03-2026'!J54 -> 3106305 | N6: 0 | O6: 0
C7: CBL | D7: Murtaza | E7: Awais | F7: 124731 | G7: 0 | H7: =F7-G7 -> 124731 | I7: =H7-J7 -> 103871 | J7: 20860 | K7: 0 | L7: 0 | M7: ='03-03-2026'!J55 -> 1125638 | N7: 0 | O7: 71286
C8: CBL | D8: Ali | E8: Ayoub | F8: 90594 | G8: 0 | H8: =F8-G8 -> 90594 | I8: =H8-J8 -> 83025 | J8: 7569 | K8: 0 | L8: 0 | M8: ='03-03-2026'!J56 -> 795218 | N8: 0 | O8: 42458
C9: CBL | D9: Ali | E9: Awais | F9: 11208 | G9: 0 | H9: =F9-G9 -> 11208 | I9: =H9-J9 -> 11208 | J9: 0
C10: CBL | D10: Kashif | E10: Aqib/Faiz | F10: 151571 | G10: 0 | H10: =F10-G10 -> 151571 | I10: =H10-J10 -> 120820 | J10: 30751 | K10: 0 | L10: 3000 | M10: ='03-03-2026'!J57 -> 1146326 | N10: 0 | O10: 21705
C11: CBL | D11: Anas | E11: Awais | F11: 50371 | G11: 0 | H11: =F11-G11 -> 50371 | I11: =H11-J11 -> 37794 | J11: 12577 | K11: 0 | L11: 797 | M11: ='03-03-2026'!J58 -> 451925 | N11: 0 | O11: 33832
C12: Total | F12: =SUM(F5:F11) -> 884029 | G12: =SUM(G5:G11) -> 0 | H12: =SUM(H5:H11) -> 884029 | I12: =SUM(I5:I11) -> 812272 | J12: =SUM(J5:J11) -> 71757 | K12: =SUM(K5:K11) -> 0 | L12: =SUM(L5:L11) -> 3797 | M12: =SUM(M5:M11) -> 6972862 | ... O12: =SUM(O5:O11) -> 169281
C13: CDM/TANG | D13: QADEER | E13: Aqib/Faiz | F13: 31966 | G13: 0 | H13: =F13-G13 -> 31966 | I13: =H13-J13 -> 17000 | J13: 14966 | K13: 0 | L13: 0 | M13: ='03-03-2026'!J62 -> 460967 | N13: 0 | O13: 22256
C14: CDM/TANG | D14: QADEER | E14: Ikram | F14: 67253 | G14: 1504 | H14: =F14-G14 -> 65749 | I14: =H14-J14 -> 21485 | J14: 44264
C15: CDM/TANG | D15: SHAHID | E15: Ikram | F15: 141207 | G15: 0 | H15: =F15-G15 -> 141207 | I15: =H15-J15 -> 132647 | J15: 8560 | K15: 0 | L15: 0 | M15: ='03-03-2026'!J63 -> 1203371 | N15: 0 | O15: 8422
D16: SHAHID | E16: Ikram | F16: 211870 | G16: 0 | H16: =F16-G16 -> 211870 | I16: =H16-J16 -> 211870 | J16: 0
C17: CDM/TANG | D17: DANISH | E17: Sami | F17: 0 | G17: 0 | H17: =F17-G17 -> 0 | I17: =H17-J17 -> 0 | J17: 0 | K17: 0 | L17: 0 | M17: ='03-03-2026'!J64 -> 617689 | N17: 0 | O17: 0
C18: CDM/TANG | D18: Kashif | E18: Awais | F18: 0 | G18: 0 | H18: =F18-G18 -> 0 | I18: =H18-J18 -> 0 | J18: 0 | K18: 0 | L18: 0 | M18: 0 | N18: 0 | O18: 0
C19: CDM/TANG | D19: Murtaza | E19: Aqib/Faiz | F19: 0 | G19: 0 | H19: =F19-G19 -> 0 | I19: =H19-J19 -> 0 | J19: 0 | K19: 0 | L19: 0 | M19: 0 | N19: 0 | O19: 0
C20: CDM/TANG | F20: =SUM(F13:F19) -> 452296 | G20: =SUM(G13:G19) -> 1504 | H20: =SUM(H13:H18) -> 450792 | I20: =SUM(I13:I18) -> 383002 | J20: =SUM(J13:J19) -> 67790 | K20: =SUM(K13:K18) -> 0 | L20: =SUM(L13:L18) -> 0 | M20: =SUM(M13:M19) -> 2282027 | N20: =SUM(N13:N18) -> 0 | O20: =SUM(O13:O19) -> 30678
C21: POP NOSH | D21: SHAHID | E21: - | F21: 0 | G21: 0 | H21: =F21-G21 -> 0 | I21: =H21-J21 -> 0 | J21: 0 | K21: 0 | L21: 0 | M21: ='03-03-2026'!J66 -> 51257 | N21: 0 | O21: 0
F22: =SUM(F21) -> 0 | G22: =SUM(G21) -> 0 | H22: =SUM(H21) -> 0 | I22: =SUM(I21) -> 0 | J22: =SUM(J21) -> 0 | K22: =SUM(K21) -> 0 | L22: =SUM(L21) -> 0 | M22: =SUM(M21) -> 51257 | ... O22: =SUM(O21) -> 0
C23: Imported Items | D23: SHAHZAD AHMAD | E23: - | F23: 0 | G23: 0 | H23: =F23-G23 -> 0 | I23: =H23-J23 -> 0 | J23: 0 | K23: 0 | L23: 0 | M23: ='03-03-2026'!J77 -> 33969 | N23: 0 | O23: 0
C24: Imported Items | D24: SHAHID | E24: - | F24: 0 | G24: 0 | H24: =F24-G24 -> 0 | I24: =H24-J24 -> 0 | J24: 0 | K24: 0 | L24: 0 | M24: ='03-03-2026'!J78 -> 160846 | N24: 0 | O24: 0
C25: Total | F25: =SUM(F23:F24) -> 0 | G25: =SUM(G23:G24) -> 0 | H25: =SUM(H23:H24) -> 0 | I25: =SUM(I23:I24) -> 0 | J25: =SUM(J23:J24) -> 0 | K25: =SUM(K23:K24) -> 0 | L25: =SUM(L23:L24) -> 0 | M25: =SUM(M23:M24) -> 194815 | ... O25: =SUM(O23:O24) -> 0
C26: TAHORA | D26: SHAHZAD AHMAD | E26: - | F26: 0 | G26: 0 | H26: =F26-G26 -> 0 | I26: =H26-J26 -> 0 | J26: 0 | K26: 0 | L26: 0 | M26: ='03-03-2026'!J81 -> 89658 | N26: 0 | O26: 0
C27: TAHORA | D27: MURTAZA | E27: - | F27: 0 | G27: 0 | H27: =F27-G27 -> 0 | I27: =H27-J27 -> 0 | J27: 0 | K27: 0 | L27: 0 | M27: ='03-03-2026'!J82 -> 42000 | N27: 0 | O27: 0
C28: Total | F28: =SUM(F26:F27) -> 0 | G28: =SUM(G26:G27) -> 0 | H28: =SUM(H26:H27) -> 0 | I28: =SUM(I26:I27) -> 0 | J28: =SUM(J26:J27) -> 0 | K28: =SUM(K26:K27) -> 0 | L28: =SUM(L26:L27) -> 0 | M28: =SUM(M26:M27) -> 131658 | ... O28: =SUM(O26:O27) -> 0
C29: SHAN | D29: KHAWAR | E29: Counter Sale | F29: 21438 | G29: 0 | H29: =F29-G29 -> 21438 | I29: =H29-J29 -> 21438 | J29: 0 | K29: 0 | L29: 0 | M29: ='03-03-2026'!J69 -> 1479248 | N29: 0 | O29: 34576
C30: SHAN | D30: MURTAZA | E30: - | F30: 0 | G30: 0 | H30: =F30-G30 -> 0 | I30: =H30-J30 -> 0 | J30: 0 | K30: 0 | L30: 0 | M30: ='03-03-2026'!J70 -> 174473 | N30: 0 | O30: 0
C31: SHAN | D31: DANISH | E31: - | F31: 0 | G31: 0 | H31: =F31-G31 -> 0 | I31: =H31-J31 -> 0 | J31: 0 | K31: 0 | L31: 0 | M31: ='03-03-2026'!J71 -> 35126 | N31: 0 | O31: 0
C32: SHAN | D32: ASHRAF | E32: Sami | F32: 54300 | G32: 0 | H32: =F32-G32 -> 54300 | I32: =H32-J32 -> 50934 | J32: 3366 | K32: 0 | L32: 0 | M32: ='03-03-2026'!J72 -> 1370709 | N32: 0 | O32: 35646
C33: Total | F33: =SUM(F29:F32) -> 75738 | G33: =SUM(G29:G32) -> 0 | H33: =SUM(H29:H32) -> 75738 | I33: =SUM(I29:I32) -> 72372 | J33: =SUM(J29:J32) -> 3366 | K33: =SUM(K29:K32) -> 0 | L33: =SUM(L29:L32) -> 0 | M33: =SUM(M29:M32) -> 3059556 | ... O33: =SUM(O29:O32) -> 70222
C34: NET TOTAL | F34: =F33+F28+F25+F22+F20+F12 -> 1412063 | G34: =G33+G28+G25+G22+G20+G12 -> 1504 | H34: =H33+H28+H25+H22+H20+H12 -> 1410559 | I34: =I33+I28+I25+I22+I20+I12 -> 1267646 | J34: =J33+J28+J25+J22+J20+J12 -> 142913 | K34: =K33+K28+K25+K22+K20+K12 -> 0 | L34: =L33+L28+L25+L22+L20+L12 -> 3797 | M34: =M33+M28+M25+M22+M20+M12 -> 12692175 | ... O34: =O33+O28+O25+O22+O20+O12 -> 270181
F35: CBL Cash | G35: =O12+L12+J12-K12 -> 244835
F36: CDM Cash | G36: =O20+L20+J20-K20+O22+L22+J22-K22 -> 98468 | I36: Amount | J36: MCB Onlines | K36: Value | M36: Detail
C37: Onlines | F37: Imported Item Cash | G37: =O25+L25+J25-K25 -> 0
F38: TAHORA | G38: =O28+L28+J28-K28 -> 0
F39: Shan Food's Cash | G39: =O33+L33+J33-K33 -> 73588
F40: Total Cash | G40: =SUM(G35:G39) -> 416891
H50: Today Credit Closed
H51: COMPANY | I51: ODERBOOKERS | J51: CREDIT AMOUNT
H52: CBL | I52: Danish | J52: =M5-O5-N5-L5+I5 -> 347450 | K52: 359515 | L52: =J52-K52 -> -12065
C53: 45931 | H53: CBL | I53: Danish ws | J53: =M6-O6-N6-L6+I6+G53 -> 3561859 | K53: 3301305 | L53: =J53-K53 -> 260554
C54: Cash Flow Statement | H54: CBL | I54: Murtaza | J54: =M7-O7-N7-L7+I7+G54 -> 1158223 | K54: 1158224 | L54: =J54-K54 -> -1
C55: Opening Cash | D55: ='Opening Balance FEB 2026'!J4 -> 1308640 | H55: CBL | I55: Ali | J55: =M8-O8-N8-L8+I8+G55+I9 -> 846993 | K55: 847025 | L55: =J55-K55 -> -32
C56: Today Cash Collection | D56: =G40 -> 416891 | H56: CBL | I56: Kashif | J56: =M10-O10-N10-L10+I10+G56 -> 1242441 | K56: 1242441 | L56: =J56-K56 -> 0
C57: TOTAL | D57: =D55+D56 -> 1725531 | H57: CBL | I57: Anas | J57: =M11-O11-N11-L11+I11+G57 -> 455090 | K57: 455091 | L57: =J57-K57 -> -1
C58: Daily EXPS | D58: 0 | H58: TOTAL | J58: =SUM(J52:J57) -> 7612056 | K58: 7612056 | L58: =J58-K58 -> 0
C59: Personal | D59: 0
C60: Kamyti | D60: 10000 | H60: COMPANY | I60: ODERBOOKERS | J60: CREDIT AMOUNT
C61: TOTAL EXPS | D61: =SUM(D58:E60) -> 10000 | H61: CDM | I61: Qadeer | J61: =M13-O13-N13-L13+I13+I14 -> 477196 | K61: 282651 | L61: =J61-K61 -> 194545
C62: Remaining Cash | D62: =D57-D58-D60-D59 -> 1715531 | H62: CDM | I62: Shahid | J62: =M15-O15-N15-L15+I15+I16 -> 1539466 | K62: 1508814 | L62: =J62-K62 -> 30652
C63: Onlines | H63: CDM | I63: Danish | J63: =M17-O17-N17-L17+I17 -> 617689 | K63: 612306 | L63: =J63-K63 -> 5383
C64: CBL | D64: 0 | H64: CDM | I64: Kashif | J64: 8160 | K64: 8160 | L64: =J64-K64 -> 0
C65: CDM & Tang | D65: 0 | H65: POP NOSH | I65: Shahid | J65: =M21-O21-N21-L21+I21 -> 51257 | K65: 51257 | L65: =J65-K65 -> 0
C66: Shan Foods | D66: 0 | H66: TOTAL | J66: =SUM(J61:J65) -> 2693768 | K66: =SUM(K61:K65) -> 2463188 | L66: =J66-K66 -> 230580
C67: POP Nosh | D67: 0 | H67: COMPANY | I67: ODERBOOKERS | J67: CREDIT AMOUNT
C68: Uncle Nadeem | D68: 0 | H68: SHAN FOODs | I68: Khawar | J68: =M29-O29-N29-L29+I29 -> 1466110 | K68: 1466110 | L68: =J68-K68 -> 0
C69: TOTAL ONLINES | D69: =SUM(D64:D68) -> 0 | H69: SHAN FOODs | I69: Murtaza | J69: =M30-O30-N30-L30+I30 -> 174473 | K69: 174473 | L69: =J69-K69 -> 0
C70: Today Closing Cash | D70: =D62-D69 -> 1715531 | H70: SHAN FOODs | I70: Danish | J70: =M31-O31-N31-L31+I31 -> 35126 | K70: 35126 | L70: =J70-K70 -> 0
D71: 3102990 | H71: SHAN FOODs | I71: Ashraf | J71: =M32-O32-N32-L32+I32+G71 -> 1385997 | K71: 1281692 | L71: =J71-K71 -> 104305
D72: =D70-D71 -> -1387459 | H72: SHAN FOODs | I72: Kashif | J72: ='Opening Balance FEB 2026'!F24 -> 66046 | K72: 96296 | L72: =J72-K72 -> -30250
H73: SHAN FOODs | I73: Shahid | J73: ='Opening Balance FEB 2026'!F25 -> 23570 | K73: 23570 | L73: =J73-K73 -> 0
H74: TOTAL | J74: =SUM(J68:J73) -> 3151322 | K74: 3176572 | L74: =J74-K74 -> -25250
H75: COMPANY | I75: ODERBOOKERS | J75: CREDIT AMOUNT
H76: IMPORTED ITEMS | I76: Shahzad Ahmad | J76: =M23-O23-N23-L23+I23-G75 -> 33969 | K76: 33969 | L76: =J76-K76 -> 0
H77: IMPORTED ITEMS | I77: Shahid | J77: =M24-O24-N24-L24+I24 -> 160846 | K77: 33969 | L77: =J77-K77 -> 126877
H78: TOTAL | J78: =SUM(J76:J77) -> 194815 | K78: 160846 | L78: =J78-K78 -> 33969
G79: 0 | H79: COMPANY | I79: ODERBOOKERS | J79: CREDIT AMOUNT | K79: 0
H80: MAHEE | I80: Shahzad Ahmad | J80: =M26-O26-N26-L26+I26-G79 -> 89658 | K80: 89658 | L80: =J80-K80 -> 0
H81: MAHEE | I81: Murtaza | J81: =M27-O27-N27-L27+I27 -> 42000 | K81: 67000 | L81: =J81-K81 -> -25000
H82: TOTAL | J82: =SUM(J80:J81) -> 131658 | K82: =SUM(K79:K81) -> 156658 | L82: =J82-K82 -> -25000
H83: COMPANY | I83: ODERBOOKERS | J83: CREDIT AMOUNT | K83: 0
H84: PAKAGES | I84: Rabnawaz | J84: ='Opening Balance FEB 2026'!F36 -> 103541 | K84: 103541 | L84: =J84-K84 -> 0
H85: PAKAGES | I85: Shahid | J85: ='Opening Balance FEB 2026'!F37 -> 6013 | K85: 6013 | L85: =J85-K85 -> 0
H86: TOTAL | J86: 109554 | K86: =SUM(K83:K85) -> 109554 | L86: =J86-K86 -> 0
H87: COMPANY | I87: ODERBOOKERS | J87: CREDIT AMOUNT | K87: 0
H88: QUICE | I88: Shahid | J88: ='Opening Balance FEB 2026'!F40 -> 16440 | K88: 16440 | L88: =J88-K88 -> 0
H89: TOTAL | J89: 16440 | K89: =SUM(K87:K88) -> 16440
H91: Grand Total | J91: =J89+J86+J82+J78+J74+J66+J58 -> 13909613
D93: ORDERBOOKERS PROGRESS
D94: COMPANY | E94: ODERBOOKERS | F94: MTD SALE | G94: MTD RECOVERY | H94: MTD CREDIT
D95: CBL | E95: Danish | F95: =H5 -> 0 | G95: =O5 -> 0 | H95: =I5 -> 0
D96: CBL | E96: Danish ws | F96: =H6 -> 455554 | G96: =O6 -> 0 | H96: =I6 -> 455554
D97: CBL | E97: Murtaza | F97: =H7 -> 124731 | G97: =O7 -> 71286 | H97: =I7 -> 103871
D98: CBL | E98: Ali | F98: =H8 -> 90594 | G98: =O8 -> 42458 | H98: =I8 -> 83025
D99: CBL | E99: Kashif | F99: =H10 -> 151571 | G99: =O10 -> 21705 | H99: =I10 -> 120820
D100: CBL | E100: Anas | F100: =H11+#REF! -> #REF! | G100: =O11 -> 33832 | H100: =I11 -> 37794
D101: TOTAL | F101: =SUM(F95:F100) -> #REF! | G101: =SUM(G95:G100) -> 169281 | H101: =SUM(H95:H100) -> 801064
D102: COMPANY | E102: ODERBOOKERS | F102: MTD SALE | G102: MTD RECOVERY | H102: MTD CREDIT
D103: CDM | E103: Qadeer | F103: =H13 -> 31966 | G103: =O13 -> 22256 | H103: =I13 -> 17000
D104: CDM | E104: Shahid | F104: =H15 -> 141207 | G104: =O15 -> 8422 | H104: =I15 -> 132647
D105: POP NOSH | E105: Shahid | F105: 0 | G105: 0 | H105: 0
D106: TOTAL | F106: =SUM(F103:F105) -> 173173 | G106: =SUM(G103:G105) -> 30678 | H106: =SUM(H103:H105) -> 149647
D107: COMPANY | E107: ODERBOOKERS | F107: MTD SALE | G107: MTD RECOVERY | H107: MTD CREDIT
D108: SHAN FOODs | E108: Khawar | F108: =#REF! -> #REF! | G108: =#REF! -> #REF! | H108: =#REF! -> #REF!
D109: SHAN FOODs | E109: Murtaza | F109: =H30 -> 0 | G109: =O30 -> 0 | H109: 0
D110: SHAN FOODs | E110: Ashraf | F110: =#REF!+#REF! -> #REF! | G110: =#REF! -> #REF! | H110: =#REF!+#REF! -> #REF!
D111: TOTAL | F111: =SUM(F108:F110) -> #REF! | G111: =SUM(G108:G110) -> #REF! | H111: =SUM(H108:H110) -> #REF!
D112: COMPANY | E112: ODERBOOKERS | F112: MTD SALE | G112: MTD RECOVERY | H112: MTD CREDIT
...

Sheet 05-03-2026
C2: 46086
C3: Daily Cash Flow Statement
C4: Companies | D4: Order Bookers | E4: Suppliers | F4: Today Supply | G4: Return Stock | H4: Posting | I4: Credit Posted | J4: Summary Cash | K4: Claim Cleard By Suppliers | L4: Sabqa Payment By Suppliers | M4: Recovery List | N4: Return Stock/Claim Clear By OB | O4: Total Recovery
C5: CBL | D5: Danish | E5: Ayoub | F5: 17850 | G5: 0 | H5: =F5-G5 -> 17850 | I5: =H5-J5 -> 17850 | J5: 0 | K5: 0 | L5: 0 | M5: ='04-03-2026'!J52 -> 347450 | N5: 0 | O5: 43102
C6: CBL | D6: Danish ws | E6: Ayoub | F6: 0 | G6: 0 | H6: =F6-G6 -> 0 | I6: =H6-J6 -> 0 | J6: 0 | K6: 0 | L6: 0 | M6: ='04-03-2026'!J53 -> 3561859 | N6: 0 | O6: 181758
C7: CBL | D7: Murtaza | E7: Ayoub | F7: 104887 | G7: 0 | H7: =F7-G7 -> 104887 | I7: =H7-J7 -> 98743 | J7: 6144 | K7: 0 | L7: 0 | M7: ='04-03-2026'!J54 -> 1158223 | N7: 0 | O7: 30060
C8: CBL | D8: Ali | E8: Awais | F8: 96421 | G8: 715 | H8: =F8-G8 -> 95706 | I8: =H8-J8 -> 85686 | J8: 10020 | K8: 0 | L8: 0 | M8: ='04-03-2026'!J55 -> 846993 | N8: 0 | O8: 58113
C9: CBL | D9: Kashif | E9: Aqib | F9: 90165 | G9: 0 | H9: =F9-G9 -> 90165 | I9: =H9-J9 -> 74458 | J9: 15707 | K9: 0 | L9: 0 | M9: ='04-03-2026'!J56 -> 1242441 | N9: 0 | O9: 10625
C10: CBL | D10: Anas | E10: Awais | F10: 52820 | G10: 504 | H10: =F10-G10 -> 52316 | I10: =H10-J10 -> 42589 | J10: 9727 | K10: 0 | L10: 0 | M10: ='04-03-2026'!J57 -> 455090 | N10: 0 | O10: 47952
C11: Total | F11: =SUM(F5:F10) -> 362143 | G11: =SUM(G5:G10) -> 1219 | H11: =SUM(H5:H10) -> 360924 | I11: =SUM(I5:I10) -> 319326 | J11: =SUM(J5:J10) -> 41598 | K11: =SUM(K5:K10) -> 0 | L11: =SUM(L5:L10) -> 0 | M11: =SUM(M5:M10) -> 7612056 | ... O11: =SUM(O5:O10) -> 371610
C12: CDM/TANG | D12: QADEER | E12: Ikram | F12: 55862 | G12: 5371 | H12: =F12-G12 -> 50491 | I12: =H12-J12 -> 21454 | J12: 29037 | K12: 0 | L12: 0 | M12: ='04-03-2026'!J61 -> 477196 | N12: 0 | O12: 12500
C13: CDM/TANG | D13: SHAHID | E13: Ikram | F13: 112027 | G13: 7335 | H13: =F13-G13 -> 104692 | I13: =H13-J13 -> 80386 | J13: 24306 | K13: 0 | L13: 0 | M13: ='04-03-2026'!J62 -> 1539466 | N13: 0 | O13: =68480+25000 -> 93480
C14: CDM/TANG | D14: SHAHID | E14: Ikram | F14: 60376 | G14: 0 | H14: =F14-G14 -> 60376 | I14: =H14-J14 -> 60376 | J14: 0
C15: CDM/TANG | D15: DANISH | E15: Sami | F15: 0 | G15: 0 | H15: =F15-G15 -> 0 | I15: =H15-J15 -> 0 | J15: 0 | K15: 0 | L15: 0 | M15: ='04-03-2026'!J63 -> 617689 | N15: 0 | O15: 102077
C16: CDM/TANG | D16: Kashif | E16: Awais | F16: 0 | G16: 0 | H16: =F16-G16 -> 0 | I16: =H16-J16 -> 0 | J16: 0 | K16: 0 | L16: 0 | M16: 0 | N16: 0 | O16: 0
C17: CDM/TANG | D17: Murtaza | E17: Aqib/Faiz | F17: 0 | G17: 0 | H17: =F17-G17 -> 0 | I17: =H17-J17 -> 0 | J17: 0 | K17: 0 | L17: 0 | M17: 0 | N17: 0 | O17: 0
C18: CDM/TANG | F18: =SUM(F12:F17) -> 228265 | G18: =SUM(G12:G17) -> 12706 | H18: =SUM(H12:H16) -> 215559 | I18: =SUM(I12:I16) -> 162216 | J18: =SUM(J12:J17) -> 53343 | K18: =SUM(K12:K16) -> 0 | L18: =SUM(L12:L16) -> 0 | M18: =SUM(M12:M17) -> 2634351 | N18: =SUM(N12:N16) -> 0 | O18: =SUM(O12:O17) -> 208057
C19: POP NOSH | D19: SHAHID | E19: - | F19: 0 | G19: 0 | H19: =F19-G19 -> 0 | I19: =H19-J19 -> 0 | J19: 0 | K19: 0 | L19: 0 | M19: ='04-03-2026'!J65 -> 51257 | N19: 0 | O19: 0
F20: =SUM(F19) -> 0 | G20: =SUM(G19) -> 0 | H20: =SUM(H19) -> 0 | I20: =SUM(I19) -> 0 | J20: =SUM(J19) -> 0 | K20: =SUM(K19) -> 0 | L20: =SUM(L19) -> 0 | M20: =SUM(M19) -> 51257 | ... O20: =SUM(O19) -> 0
C21: Imported Items | D21: SHAHZAD AHMAD | E21: - | F21: 0 | G21: 0 | H21: =F21-G21 -> 0 | I21: =H21-J21 -> 0 | J21: 0 | K21: 0 | L21: 0 | M21: ='04-03-2026'!J76 -> 33969 | N21: 0 | O21: 0
C22: Imported Items | D22: SHAHID | E22: - | F22: 0 | G22: 0 | H22: =F22-G22 -> 0 | I22: =H22-J22 -> 0 | J22: 0 | K22: 0 | L22: 0 | M22: =SUM(M21) -> 33969 | N22: 0 | O22: 15000
C23: Total | F23: =SUM(F21:F22) -> 0 | G23: =SUM(G21:G22) -> 0 | H23: =SUM(H21:H22) -> 0 | I23: =SUM(I21:I22) -> 0 | J23: =SUM(J21:J22) -> 0 | K23: =SUM(K21:K22) -> 0 | L23: =SUM(L21:L22) -> 0 | M23: =SUM(M21:M22) -> 67938 | ... O23: =SUM(O21:O22) -> 15000
C24: TAHORA | D24: SHAHZAD AHMAD | E24: - | F24: 0 | G24: 0 | H24: =F24-G24 -> 0 | I24: =H24-J24 -> 0 | J24: 0 | K24: 0 | L24: 0 | M24: ='04-03-2026'!J80 -> 89658 | N24: 0 | O24: 0
C25: TAHORA | D25: MURTAZA | E25: - | F25: 0 | G25: 0 | H25: =F25-G25 -> 0 | I25: =H25-J25 -> 0 | J25: 0 | K25: 0 | L25: 0 | M25: ='04-03-2026'!J81 -> 42000 | N25: 0 | O25: 25000
C26: Total | F26: =SUM(F24:F25) -> 0 | G26: =SUM(G24:G25) -> 0 | H26: =SUM(H24:H25) -> 0 | I26: =SUM(I24:I25) -> 0 | J26: =SUM(J24:J25) -> 0 | K26: =SUM(K24:K25) -> 0 | L26: =SUM(L24:L25) -> 0 | M26: =SUM(M24:M25) -> 131658 | ... O26: =SUM(O24:O25) -> 25000
C27: SHAN | D27: KHAWAR | E27: Aqib | F27: 24297 | G27: 0 | H27: =F27-G27 -> 24297 | I27: =H27-J27 -> 24297 | J27: 0 | K27: 0 | L27: 0 | M27: ='04-03-2026'!J68 -> 1466110 | N27: 0 | O27: 39872
C28: SHAN | D28: MURTAZA | E28: - | F28: 0 | G28: 0 | H28: =F28-G28 -> 0 | I28: =H28-J28 -> 0 | J28: 0 | K28: 0 | L28: 0 | M28: ='04-03-2026'!J69 -> 174473 | N28: 0 | O28: 0
C29: SHAN | D29: DANISH | E29: - | F29: 0 | G29: 0 | H29: =F29-G29 -> 0 | I29: =H29-J29 -> 0 | J29: 0 | K29: 0 | L29: 0 | M29: ='04-03-2026'!J70 -> 35126 | N29: 0 | O29: 0
C30: SHAN | D30: ASHRAF | E30: Ayoub | F30: 32354 | G30: 0 | H30: =F30-G30 -> 32354 | I30: =H30-J30 -> 31931 | J30: 423 | K30: 0 | L30: 500 | M30: ='04-03-2026'!J71 -> 1385997 | N30: 0 | O30: 71326
C31: Total | F31: =SUM(F27:F30) -> 56651 | G31: =SUM(G27:G30) -> 0 | H31: =SUM(H27:H30) -> 56651 | I31: =SUM(I27:I30) -> 56228 | J31: =SUM(J27:J30) -> 423 | K31: =SUM(K27:K30) -> 0 | L31: =SUM(L27:L30) -> 500 | M31: =SUM(M27:M30) -> 3061706 | ... O31: =SUM(O27:O30) -> 111198
C32: NET TOTAL | F32: =F31+F26+F23+F20+F18+F11 -> 647059 | G32: =G31+G26+G23+G20+G18+G11 -> 13925 | H32: =H31+H26+H23+H20+H18+H11 -> 633134 | I32: =I31+I26+I23+I20+I18+I11 -> 537770 | J32: =J31+J26+J23+J20+J18+J11 -> 95364 | K32: =K31+K26+K23+K20+K18+K11 -> 0 | L32: =L31+L26+L23+L20+L18+L11 -> 500 | M32: =M31+M26+M23+M20+M18+M11 -> 13558966 | ... O32: =O31+O26+O23+O20+O18+O11 -> 730865
F33: CBL Cash | G33: =O11+L11+J11-K11 -> 413208
F34: CDM Cash | G34: =O18+L18+J18-K18+O20+L20+J20-K20 -> 261400 | I34: Amount | J34: MCB Onlines | K34: Value | M34: Detail
C35: Onlines | F35: Imported Item Cash | G35: =O23+L23+J23-K23 -> 15000
F36: TAHORA | G36: =O26+L26+J26-K26 -> 25000
F37: Shan Food's Cash | G37: =O31+L31+J31-K31 -> 112121
F38: Total Cash | G38: =SUM(G33:G37) -> 826729
H48: Today Credit Closed
H49: COMPANY | I49: ODERBOOKERS | J49: CREDIT AMOUNT
H50: CBL | I50: Danish | J50: =M5-O5-N5-L5+I5 -> 322198 | K50: 359515 | L50: =J50-K50 -> -37317
C51: 45931 | H51: CBL | I51: Danish ws | J51: =M6-O6-N6-L6+I6+G51 -> 3380101 | K51: 3301305 | L51: =J51-K51 -> 78796
C52: Cash Flow Statement | H52: CBL | I52: Murtaza | J52: =M7-O7-N7-L7+I7+G52 -> 1226906 | K52: 1158224 | L52: =J52-K52 -> 68682
C53: Opening Cash | D53: ='Opening Balance FEB 2026'!J4 -> 1308640 | H53: CBL | I53: Ali | J53: =M8-O8-N8-L8+I8+G53 -> 874566 | K53: 847025 | L53: =J53-K53 -> 27541
C54: Today Cash Collection | D54: =G38 -> 826729 | H54: CBL | I54: Kashif | J54: =M9-O9-N9-L9+I9+G54 -> 1306274 | K54: 1242441 | L54: =J54-K54 -> 63833
C55: TOTAL | D55: =D53+D54 -> 2135369 | H55: CBL | I55: Anas | J55: =M10-O10-N10-L10+I10+G55 -> 449727 | K55: 455091 | L55: =J55-K55 -> -5364
C56: Daily EXPS | D56: 0 | H56: TOTAL | J56: =SUM(J50:J55) -> 7559772 | K56: 7617885 | L56: =J56-K56 -> -58113
C57: Personal | D57: 0
C58: Kamyti | D58: 10000 | H58: COMPANY | I58: ODERBOOKERS | J58: CREDIT AMOUNT
C59: TOTAL EXPS | D59: =SUM(D56:E58) -> 10000 | H59: CDM | I59: Qadeer | J59: =M12-O12-N12-L12+I12 -> 486150 | K59: 282651 | L59: =J59-K59 -> 203499
C60: Remaining Cash | D60: =D55-D56-D58-D57 -> 2125369 | H60: CDM | I60: Shahid | J60: =M13-O13-N13-L13+I13+I14 -> 1586748 | K60: 1508814 | L60: =J60-K60 -> 77934
C61: Onlines | H61: CDM | I61: Danish | J61: =M15-O15-N15-L15+I15 -> 515612 | K61: 612306 | L61: =J61-K61 -> -96694
C62: CBL | D62: 0 | H62: CDM | I62: Kashif | J62: 8160 | K62: 8160 | L62: =J62-K62 -> 0
C63: CDM & Tang | D63: 0 | H63: POP NOSH | I63: Shahid | J63: =M19-O19-N19-L19+I19 -> 51257 | K63: 51257 | L63: =J63-K63 -> 0
C64: Shan Foods | D64: 0 | H64: TOTAL | J64: =SUM(J59:J63) -> 2647927 | K64: =SUM(K59:K63) -> 2463188 | L64: =J64-K64 -> 184739
C65: POP Nosh | D65: 0 | H65: COMPANY | I65: ODERBOOKERS | J65: CREDIT AMOUNT
C66: Uncle Nadeem | D66: 0 | H66: SHAN FOODs | I66: Khawar | J66: =M27-O27-N27-L27+I27 -> 1450535 | K66: 1466110 | L66: =J66-K66 -> -15575
C67: TOTAL ONLINES | D67: =SUM(D62:D66) -> 0 | H67: SHAN FOODs | I67: Murtaza | J67: =M28-O28-N28-L28+I28 -> 174473 | K67: 174473 | L67: =J67-K67 -> 0
C68: Today Closing Cash | D68: =D60-D67 -> 2125369 | H68: SHAN FOODs | I68: Danish | J68: =M29-O29-N29-L29+I29 -> 35126 | K68: 35126 | L68: =J68-K68 -> 0
D69: 3102990 | H69: SHAN FOODs | I69: Ashraf | J69: =M30-O30-N30-L30+I30+G69 -> 1346102 | K69: 1281692 | L69: =J69-K69 -> 64410
D70: =D68-D69 -> -977621 | H70: SHAN FOODs | I70: Kashif | J70: ='Opening Balance FEB 2026'!F24 -> 66046 | K70: 96296 | L70: =J70-K70 -> -30250
H71: SHAN FOODs | I71: Shahid | J71: ='Opening Balance FEB 2026'!F25 -> 23570 | K71: 23570 | L71: =J71-K71 -> 0
H72: TOTAL | J72: =SUM(J66:J71) -> 3095852 | K72: 3121102 | L72: =J72-K72 -> -25250
H73: COMPANY | I73: ODERBOOKERS | J73: CREDIT AMOUNT
H74: IMPORTED ITEMS | I74: Shahzad Ahmad | J74: =M21-O21-N21-L21+I21-G73 -> 33969 | K74: 33969 | L74: =J74-K74 -> 0
H75: IMPORTED ITEMS | I75: Shahid | J75: =M22-O22-N22-L22+I22 -> 18969 | K75: 33969 | L75: =J75-K75 -> -15000
H76: TOTAL | J76: =SUM(J74:J75) -> 52938 | K76: 160846 | L76: =J76-K76 -> -107908
G77: 0 | H77: COMPANY | I77: ODERBOOKERS | J77: CREDIT AMOUNT | K77: 0
H78: MAHEE | I78: Shahzad Ahmad | J78: =M24-O24-N24-L24+I24-G77 -> 89658 | K78: 89658 | L78: =J78-K78 -> 0
H79: MAHEE | I79: Murtaza | J79: =M25-O25-N25-L25+I25 -> 17000 | K79: 67000 | L79: =J79-K79 -> -50000
H80: TOTAL | J80: =SUM(J78:J79) -> 106658 | K80: =SUM(K77:K79) -> 156658 | L80: =J80-K80 -> -50000
H81: COMPANY | I81: ODERBOOKERS | J81: CREDIT AMOUNT | K81: 0
H82: PAKAGES | I82: Rabnawaz | J82: ='Opening Balance FEB 2026'!F36 -> 103541 | K82: 103541 | L82: =J82-K82 -> 0
H83: PAKAGES | I83: Shahid | J83: ='Opening Balance FEB 2026'!F37 -> 6013 | K83: 6013 | L83: =J83-K83 -> 0
H84: TOTAL | J84: 109554 | K84: =SUM(K81:K83) -> 109554 | L84: =J84-K84 -> 0
H85: COMPANY | I85: ODERBOOKERS | J85: CREDIT AMOUNT | K85: 0
H86: QUICE | I86: Shahid | J86: ='Opening Balance FEB 2026'!F40 -> 16440 | K86: 16440 | L86: =J86-K86 -> 0
H87: TOTAL | J87: 16440 | K87: =SUM(K85:K86) -> 16440
H89: Grand Total | J89: =J87+J84+J80+J76+J72+J64+J56 -> 13589141
D91: ORDERBOOKERS PROGRESS
D92: COMPANY | E92: ODERBOOKERS | F92: MTD SALE | G92: MTD RECOVERY | H92: MTD CREDIT
D93: CBL | E93: Danish | F93: =H5 -> 17850 | G93: =O5 -> 43102 | H93: =I5 -> 17850
D94: CBL | E94: Danish ws | F94: =H6 -> 0 | G94: =O6 -> 181758 | H94: =I6 -> 0
D95: CBL | E95: Murtaza | F95: =H7 -> 104887 | G95: =O7 -> 30060 | H95: =I7 -> 98743
D96: CBL | E96: Ali | F96: =H8 -> 95706 | G96: =O8 -> 58113 | H96: =I8 -> 85686
D97: CBL | E97: Kashif | F97: =H9 -> 90165 | G97: =O9 -> 10625 | H97: =I9 -> 74458
D98: CBL | E98: Anas | F98: =H10+#REF! -> #REF! | G98: =O10 -> 47952 | H98: =I10 -> 42589
D99: TOTAL | F99: =SUM(F93:F98) -> #REF! | G99: =SUM(G93:G98) -> 371610 | H99: =SUM(H93:H98) -> 319326
D100: COMPANY | E100: ODERBOOKERS | F100: MTD SALE | G100: MTD RECOVERY | H100: MTD CREDIT
D101: CDM | E101: Qadeer | F101: =H12 -> 50491 | G101: =O12 -> 12500 | H101: =I12 -> 21454
D102: CDM | E102: Shahid | F102: =H13 -> 104692 | G102: =O13 -> 93480 | H102: =I13 -> 80386
D103: POP NOSH | E103: Shahid | F103: 0 | G103: 0 | H103: 0
D104: TOTAL | F104: =SUM(F101:F103) -> 155183 | G104: =SUM(G101:G103) -> 105980 | H104: =SUM(H101:H103) -> 101840
D105: COMPANY | E105: ODERBOOKERS | F105: MTD SALE | G105: MTD RECOVERY | H105: MTD CREDIT
D106: SHAN FOODs | E106: Khawar | F106: =#REF! -> #REF! | G106: =#REF! -> #REF! | H106: =#REF! -> #REF!
D107: SHAN FOODs | E107: Murtaza | F107: =H28 -> 0 | G107: =O28 -> 0 | H107: 0
D108: SHAN FOODs | E108: Ashraf | F108: =#REF!+#REF! -> #REF! | G108: =#REF! -> #REF! | H108: =#REF!+#REF! -> #REF!
D109: TOTAL | F109: =SUM(F106:F108) -> #REF! | G109: =SUM(G106:G108) -> #REF! | H109: =SUM(H106:H108) -> #REF!
D110: COMPANY | E110: ODERBOOKERS | F110: MTD SALE | G110: MTD RECOVERY | H110: MTD CREDIT
D111: IMPORTED ITEMS | E111: Shahzad Ahmad | F111: =H21 -> 0 | G111: =O21 -> 0 | H111: =I21 -> 0
D112: TOTAL | F112: =SUM(F111) -> 0 | G112: =SUM(G111) -> 0 | H112: =SUM(H111) -> 0
...

Sheet 07-03-2026
C2: 46088
C3: Daily Cash Flow Statement
C4: Companies | D4: Order Bookers | E4: Suppliers | F4: Today Supply | G4: Return Stock | H4: Posting | I4: Credit Posted | J4: Summary Cash | K4: Claim Cleard By Suppliers | L4: Sabqa Payment By Suppliers | M4: Recovery List | N4: Return Stock/Claim Clear By OB | O4: Total Recovery
C5: CBL | D5: Danish | E5: Ayoub | F5: 0 | G5: 0 | H5: =F5-G5 -> 0 | I5: =H5-J5 -> 0 | J5: 0 | K5: 0 | L5: 0 | M5: ='05-03-2026'!J50 -> 322198 | N5: 0 | O5: 0
C6: CBL | D6: Danish ws | E6: Ayoub | F6: 269459 | G6: 0 | H6: =F6-G6 -> 269459 | I6: =H6-J6 -> 262977 | J6: 6482 | K6: 0 | L6: 0 | M6: ='05-03-2026'!J51 -> 3380101 | N6: 0 | O6: 0
C7: CBL | D7: Murtaza | E7: Aqib | F7: 86320 | G7: 0 | H7: =F7-G7 -> 86320 | I7: =H7-J7 -> 63511 | J7: 22809 | K7: 0 | L7: 0 | M7: ='05-03-2026'!J52 -> 1226906 | N7: 0 | O7: 50318
C8: CBL | D8: Ali | E8: Awais | F8: 100043 | G8: 0 | H8: =F8-G8 -> 100043 | I8: =H8-J8 -> 85722 | J8: 14321 | K8: 0 | L8: 0 | M8: ='05-03-2026'!J53 -> 874566 | N8: 0 | O8: 57269
C9: CBL | D9: Kashif | E9: Aqib | F9: 110270 | G9: 0 | H9: =F9-G9 -> 110270 | I9: =H9-J9 -> 45284 | J9: 64986 | K9: 0 | L9: 0 | M9: ='05-03-2026'!J54 -> 1306274 | N9: 0 | O9: 44116
C10: CBL | D10: Anas | E10: Saad | F10: 85340 | G10: 0 | H10: =F10-G10 -> 85340 | I10: =H10-J10 -> 66589 | J10: 18751 | K10: 0 | L10: 0 | M10: ='05-03-2026'!J55 -> 449727 | N10: 0 | O10: 0
C11: Total | F11: =SUM(F5:F10) -> 651432 | G11: =SUM(G5:G10) -> 0 | H11: =SUM(H5:H10) -> 651432 | I11: =SUM(I5:I10) -> 524083 | J11: =SUM(J5:J10) -> 127349 | K11: =SUM(K5:K10) -> 0 | L11: =SUM(L5:L10) -> 0 | M11: =SUM(M5:M10) -> 7559772 | ... O11: =SUM(O5:O10) -> 151703
C12: CDM/TANG | D12: QADEER | E12: Ikram | F12: 128199 | G12: 3614 | H12: =F12-G12 -> 124585 | I12: =H12-J12 -> 34681 | J12: 89904 | K12: 0 | L12: 0 | M12: ='05-03-2026'!J59 -> 486150 | N12: 0 | O12: 61657
C13: CDM/TANG | D13: SHAHID | E13: Ikram | F13: 189463 | G13: 11221 | H13: =F13-G13 -> 178242 | I13: =H13-J13 -> 108290 | J13: 69952 | K13: 0 | L13: 0 | M13: ='05-03-2026'!J60 -> 1586748 | N13: 0 | O13: 149436
C14: CDM/TANG | D14: SHAHID | E14: Counter Sale | F14: 10095 | G14: 0 | H14: =F14-G14 -> 10095 | I14: =H14-J14 -> 0 | J14: 10095 | K14: 0 | L14: 0 | M14: 0 | N14: 0 | O14: 0
C15: CDM/TANG | D15: DANISH | E15: Sami | F15: 0 | G15: 0 | H15: =F15-G15 -> 0 | I15: =H15-J15 -> 0 | J15: 0 | K15: 0 | L15: 0 | M15: ='05-03-2026'!J61 -> 515612 | N15: 0 | O15: 0
C16: CDM/TANG | D16: Kashif | E16: Aqib | F16: 20209 | G16: 0 | H16: =F16-G16 -> 20209 | I16: =H16-J16 -> 0 | J16: 20209 | K16: 0 | L16: 0 | M16: 0 | N16: 0 | O16: 0
C17: CDM/TANG | D17: Murtaza | E17: Aqib/Faiz | F17: 12970 | G17: 0 | H17: =F17-G17 -> 12970 | I17: =H17-J17 -> 0 | J17: 12970 | K17: 0 | L17: 0 | M17: 0 | N17: 0 | O17: 0
C18: CDM/TANG | F18: =SUM(F12:F17) -> 360936 | G18: =SUM(G12:G17) -> 14835 | H18: =SUM(H12:H16) -> 333131 | I18: =SUM(I12:I16) -> 142971 | J18: =SUM(J12:J17) -> 203130 | K18: =SUM(K12:K16) -> 0 | L18: =SUM(L12:L16) -> 0 | M18: =SUM(M12:M17) -> 2588510 | N18: =SUM(N12:N16) -> 0 | O18: =SUM(O12:O17) -> 211093
C19: POP NOSH | D19: SHAHID | E19: - | F19: 0 | G19: 0 | H19: =F19-G19 -> 0 | I19: =H19-J19 -> 0 | J19: 0 | K19: 0 | L19: 0 | M19: ='05-03-2026'!J63 -> 51257 | N19: 0 | O19: 0
F20: =SUM(F19) -> 0 | G20: =SUM(G19) -> 0 | H20: =SUM(H19) -> 0 | I20: =SUM(I19) -> 0 | J20: =SUM(J19) -> 0 | K20: =SUM(K19) -> 0 | L20: =SUM(L19) -> 0 | M20: =SUM(M19) -> 51257 | ... O20: =SUM(O19) -> 0
C21: Imported Items | D21: SHAHZAD AHMAD | E21: - | F21: 0 | G21: 0 | H21: =F21-G21 -> 0 | I21: =H21-J21 -> 0 | J21: 0 | K21: 0 | L21: 0 | M21: ='05-03-2026'!J74 -> 33969 | N21: 0 | O21: 0
C22: Imported Items | D22: SHAHID | E22: - | F22: 0 | G22: 0 | H22: =F22-G22 -> 0 | I22: =H22-J22 -> 0 | J22: 0 | K22: 0 | L22: 0 | M22: ='05-03-2026'!J75 -> 18969 | N22: 0 | O22: 0
C23: Total | F23: =SUM(F21:F22) -> 0 | G23: =SUM(G21:G22) -> 0 | H23: =SUM(H21:H22) -> 0 | I23: =SUM(I21:I22) -> 0 | J23: =SUM(J21:J22) -> 0 | K23: =SUM(K21:K22) -> 0 | L23: =SUM(L21:L22) -> 0 | M23: =SUM(F23:L23) -> 0 | N23: =SUM(N21:N22) -> 0 | O23: =SUM(O21:O22) -> 0
C24: TAHORA | D24: SHAHZAD AHMAD | E24: - | F24: 0 | G24: 0 | H24: =F24-G24 -> 0 | I24: =H24-J24 -> 0 | J24: 0 | K24: 0 | L24: 0 | M24: ='05-03-2026'!J78 -> 89658 | N24: 0 | O24: 0
C25: TAHORA | D25: MURTAZA | E25: - | F25: 0 | G25: 0 | H25: =F25-G25 -> 0 | I25: =H25-J25 -> 0 | J25: 0 | K25: 0 | L25: 0 | M25: ='05-03-2026'!J79 -> 17000 | N25: 0 | O25: 0
C26: Total | F26: =SUM(F24:F25) -> 0 | G26: =SUM(G24:G25) -> 0 | H26: =SUM(H24:H25) -> 0 | I26: =SUM(I24:I25) -> 0 | J26: =SUM(J24:J25) -> 0 | K26: =SUM(K24:K25) -> 0 | L26: =SUM(L24:L25) -> 0 | M26: =SUM(M24:M25) -> 106658 | ... O26: =SUM(O24:O25) -> 0
C27: SHAN | D27: KHAWAR | E27: Aqib | F27: 21407 | G27: 0 | H27: =F27-G27 -> 21407 | I27: =H27-J27 -> 18707 | J27: 2700 | K27: 0 | L27: 0 | M27: ='05-03-2026'!J66 -> 1450535 | N27: 0 | O27: 60240
C28: SHAN | D28: MURTAZA | E28: - | F28: 0 | G28: 0 | H28: =F28-G28 -> 0 | I28: =H28-J28 -> 0 | J28: 0 | K28: 0 | L28: 0 | M28: ='05-03-2026'!J67 -> 174473 | N28: 0 | O28: 0
C29: SHAN | D29: DANISH | E29: - | F29: 0 | G29: 0 | H29: =F29-G29 -> 0 | I29: =H29-J29 -> 0 | J29: 0 | K29: 0 | L29: 0 | M29: ='05-03-2026'!J68 -> 35126 | N29: 0 | O29: 0
C30: SHAN | D30: ASHRAF | E30: Ayoub | F30: 0 | G30: 0 | H30: =F30-G30 -> 0 | I30: =H30-J30 -> 0 | J30: 0 | K30: 0 | L30: 0 | M30: ='05-03-2026'!J69 -> 1346102 | N30: 0 | O30: 52535
C31: Total | F31: =SUM(F27:F30) -> 21407 | G31: =SUM(G27:G30) -> 0 | H31: =SUM(H27:H30) -> 21407 | I31: =SUM(I27:I30) -> 18707 | J31: =SUM(J27:J30) -> 2700 | K31: =SUM(K27:K30) -> 0 | L31: =SUM(L27:L30) -> 0 | M31: =SUM(M27:M30) -> 3006236 | ... O31: =SUM(O27:O30) -> 112775
C32: NET TOTAL | F32: =F31+F26+F23+F20+F18+F11 -> 1033775 | G32: =G31+G26+G23+G20+G18+G11 -> 14835 | H32: =H31+H26+H23+H20+H18+H11 -> 1005970 | I32: =I31+I26+I23+I20+I18+I11 -> 685761 | J32: =J31+J26+J23+J20+J18+J11 -> 333179 | K32: =K31+K26+K23+K20+K18+K11 -> 0 | L32: =L31+L26+L23+L20+L18+L11 -> 0 | M32: =M31+M26+M23+M20+M18+M11 -> 13312433 | ... O32: =O31+O26+O23+O20+O18+O11 -> 475571
F33: CBL Cash | G33: =O11+L11+J11-K11 -> 279052
F34: CDM Cash | G34: =O18+L18+J18-K18+O20+L20+J20-K20 -> 414223 | I34: Amount | J34: MCB Onlines | K34: Value | M34: Detail
C35: Onlines | F35: Imported Item Cash | G35: =O23+L23+J23-K23 -> 0
F36: TAHORA | G36: =O26+L26+J26-K26 -> 0
F37: Shan Food's Cash | G37: =O31+L31+J31-K31 -> 115475
F38: Total Cash | G38: =SUM(G33:G37) -> 808750
H48: Today Credit Closed
H49: COMPANY | I49: ODERBOOKERS | J49: CREDIT AMOUNT
H50: CBL | I50: Danish | J50: =M5-O5-N5-L5+I5 -> 322198 | K50: 359515 | L50: =J50-K50 -> -37317
C51: 45931 | H51: CBL | I51: Danish ws | J51: =M6-O6-N6-L6+I6+G51 -> 3643078 | K51: 3643077 | L51: =J51-K51 -> 1
C52: Cash Flow Statement | H52: CBL | I52: Murtaza | J52: =M7-O7-N7-L7+I7+G52 -> 1240099 | K52: 1158224 | L52: =J52-K52 -> 81875
C53: Opening Cash | D53: ='Opening Balance FEB 2026'!J4 -> 1308640 | H53: CBL | I53: Ali | J53: =M8-O8-N8-L8+I8+G53 -> 903019 | K53: 903051 | L53: =J53-K53 -> -32
C54: Today Cash Collection | D54: =G38 -> 808750 | H54: CBL | I54: Kashif | J54: =M9-O9-N9-L9+I9+G54 -> 1307442 | K54: 1242441 | L54: =J54-K54 -> 65001
C55: TOTAL | D55: =D53+D54 -> 2117390 | H55: CBL | I55: Anas | J55: =M10-O10-N10-L10+I10+G55 -> 516316 | K55: 516317 | L55: =J55-K55 -> -1
C56: Daily EXPS | D56: 0 | H56: TOTAL | J56: =SUM(J50:J55) -> 7932152 | K56: 7932152 | L56: =J56-K56 -> 0
C57: Personal | D57: 0
C58: Kamyti | D58: 10000 | H58: COMPANY | I58: ODERBOOKERS | J58: CREDIT AMOUNT
C59: TOTAL EXPS | D59: =SUM(D56:E58) -> 10000 | H59: CDM | I59: Qadeer | J59: =M12-O12-N12-L12+I12 -> 459174 | K59: 282651 | L59: =J59-K59 -> 176523
C60: Remaining Cash | D60: =D55-D56-D58-D57 -> 2107390 | H60: CDM | I60: Shahid | J60: =M13-O13-N13-L13+I13 -> 1545602 | K60: 1508814 | L60: =J60-K60 -> 36788
C61: Onlines | H61: CDM | I61: Danish | J61: =M15-O15-N15-L15+I15 -> 515612 | K61: 612306 | L61: =J61-K61 -> -96694
C62: CBL | D62: 0 | H62: CDM | I62: Kashif | J62: 8160 | K62: 8160 | L62: =J62-K62 -> 0
C63: CDM & Tang | D63: 0 | H63: POP NOSH | I63: Shahid | J63: =M19-O19-N19-L19+I19 -> 51257 | K63: 51257 | L63: =J63-K63 -> 0
C64: Shan Foods | D64: 0 | H64: TOTAL | J64: =SUM(J59:J63) -> 2579805 | K64: =SUM(K59:K63) -> 2463188 | L64: =J64-K64 -> 116617
C65: POP Nosh | D65: 0 | H65: COMPANY | I65: ODERBOOKERS | J65: CREDIT AMOUNT
C66: Uncle Nadeem | D66: 0 | H66: SHAN FOODs | I66: Khawar | J66: =M27-O27-N27-L27+I27 -> 1409002 | K66: 1466110 | L66: =J66-K66 -> -57108
C67: TOTAL ONLINES | D67: =SUM(D62:D66) -> 0 | H67: SHAN FOODs | I67: Murtaza | J67: =M28-O28-N28-L28+I28 -> 174473 | K67: 174473 | L67: =J67-K67 -> 0
C68: Today Closing Cash | D68: =D60-D67 -> 2107390 | H68: SHAN FOODs | I68: Danish | J68: =M29-O29-N29-L29+I29 -> 35126 | K68: 35126 | L68: =J68-K68 -> 0
D69: 3102990 | H69: SHAN FOODs | I69: Ashraf | J69: =M30-O30-N30-L30+I30+G69 -> 1293567 | K69: 1281692 | L69: =J69-K69 -> 11875
D70: =D68-D69 -> -995600 | H70: SHAN FOODs | I70: Kashif | J70: ='Opening Balance FEB 2026'!F24 -> 66046 | K70: 96296 | L70: =J70-K70 -> -30250
H71: SHAN FOODs | I71: Shahid | J71: ='Opening Balance FEB 2026'!F25 -> 23570 | K71: 23570 | L71: =J71-K71 -> 0
H72: TOTAL | J72: =SUM(J66:J71) -> 3001784 | K72: 3027034 | L72: =J72-K72 -> -25250
H73: COMPANY | I73: ODERBOOKERS | J73: CREDIT AMOUNT
H74: IMPORTED ITEMS | I74: Shahzad Ahmad | J74: =M21-O21-N21-L21+I21-G73 -> 33969 | K74: 33969 | L74: =J74-K74 -> 0
H75: IMPORTED ITEMS | I75: Shahid | J75: =M22-O22-N22-L22+I22 -> 18969 | K75: 33969 | L75: =J75-K75 -> -15000
H76: TOTAL | J76: =SUM(J74:J75) -> 52938 | K76: 160846 | L76: =J76-K76 -> -107908
G77: 0 | H77: COMPANY | I77: ODERBOOKERS | J77: CREDIT AMOUNT | K77: 0
H78: MAHEE | I78: Shahzad Ahmad | J78: =M24-O24-N24-L24+I24-G77 -> 89658 | K78: 89658 | L78: =J78-K78 -> 0
H79: MAHEE | I79: Murtaza | J79: =M25-O25-N25-L25+I25 -> 17000 | K79: 67000 | L79: =J79-K79 -> -50000
H80: TOTAL | J80: =SUM(J78:J79) -> 106658 | K80: =SUM(K77:K79) -> 156658 | L80: =J80-K80 -> -50000
H81: COMPANY | I81: ODERBOOKERS | J81: CREDIT AMOUNT | K81: 0
H82: PAKAGES | I82: Rabnawaz | J82: ='Opening Balance FEB 2026'!F36 -> 103541 | K82: 103541 | L82: =J82-K82 -> 0
H83: PAKAGES | I83: Shahid | J83: ='Opening Balance FEB 2026'!F37 -> 6013 | K83: 6013 | L83: =J83-K83 -> 0
H84: TOTAL | J84: 109554 | K84: =SUM(K81:K83) -> 109554 | L84: =J84-K84 -> 0
H85: COMPANY | I85: ODERBOOKERS | J85: CREDIT AMOUNT | K85: 0
H86: QUICE | I86: Shahid | J86: ='Opening Balance FEB 2026'!F40 -> 16440 | K86: 16440 | L86: =J86-K86 -> 0
H87: TOTAL | J87: 16440 | K87: =SUM(K85:K86) -> 16440
H89: Grand Total | J89: =J87+J84+J80+J76+J72+J64+J56 -> 13799331
D91: ORDERBOOKERS PROGRESS
D92: COMPANY | E92: ODERBOOKERS | F92: MTD SALE | G92: MTD RECOVERY | H92: MTD CREDIT
D93: CBL | E93: Danish | F93: =H5 -> 0 | G93: =O5 -> 0 | H93: =I5 -> 0
D94: CBL | E94: Danish ws | F94: =H6 -> 269459 | G94: =O6 -> 0 | H94: =I6 -> 262977
D95: CBL | E95: Murtaza | F95: =H7 -> 86320 | G95: =O7 -> 50318 | H95: =I7 -> 63511
D96: CBL | E96: Ali | F96: =H8 -> 100043 | G96: =O8 -> 57269 | H96: =I8 -> 85722
D97: CBL | E97: Kashif | F97: =H9 -> 110270 | G97: =O9 -> 44116 | H97: =I9 -> 45284
D98: CBL | E98: Anas | F98: =H10+#REF! -> #REF! | G98: =O10 -> 0 | H98: =I10 -> 66589
D99: TOTAL | F99: =SUM(F93:F98) -> #REF! | G99: =SUM(G93:G98) -> 151703 | H99: =SUM(H93:H98) -> 524083
D100: COMPANY | E100: ODERBOOKERS | F100: MTD SALE | G100: MTD RECOVERY | H100: MTD CREDIT
D101: CDM | E101: Qadeer | F101: =H12 -> 124585 | G101: =O12 -> 61657 | H101: =I12 -> 34681
D102: CDM | E102: Shahid | F102: =H13 -> 178242 | G102: =O13 -> 149436 | H102: =I13 -> 108290
D103: POP NOSH | E103: Shahid | F103: 0 | G103: 0 | H103: 0
D104: TOTAL | F104: =SUM(F101:F103) -> 302827 | G104: =SUM(G101:G103) -> 211093 | H104: =SUM(H101:H103) -> 142971
D105: COMPANY | E105: ODERBOOKERS | F105: MTD SALE | G105: MTD RECOVERY | H105: MTD CREDIT
D106: SHAN FOODs | E106: Khawar | F106: =#REF! -> #REF! | G106: =#REF! -> #REF! | H106: =#REF! -> #REF!
D107: SHAN FOODs | E107: Murtaza | F107: =H28 -> 0 | G107: =O28 -> 0 | H107: 0
D108: SHAN FOODs | E108: Ashraf | F108: =#REF!+#REF! -> #REF! | G108: =#REF! -> #REF! | H108: =#REF!+#REF! -> #REF!
D109: TOTAL | F109: =SUM(F106:F108) -> #REF! | G109: =SUM(G106:G108) -> #REF! | H109: =SUM(H106:H108) -> #REF!
D110: COMPANY | E110: ODERBOOKERS | F110: MTD SALE | G110: MTD RECOVERY | H110: MTD CREDIT
D111: IMPORTED ITEMS | E111: Shahzad Ahmad | F111: =H21 -> 0 | G111: =O21 -> 0 | H111: =I21 -> 0
D112: TOTAL | F112: =SUM(F111) -> 0 | G112: =SUM(G111) -> 0 | H112: =SUM(H111) -> 0
...

Sheet 08-03-2026
C2: 46089
C3: Daily Cash Flow Statement
C4: Companies | D4: Order Bookers | E4: Suppliers | F4: Today Supply | G4: Return Stock | H4: Posting | I4: Credit Posted | J4: Summary Cash | K4: Claim Cleard By Suppliers | L4: Sabqa Payment By Suppliers | M4: Recovery List | N4: Return Stock/Claim Clear By OB | O4: Total Recovery
C5: CBL | D5: Danish | F5: 0 | G5: 0 | H5: =F5-G5 -> 0 | I5: =H5-J5 -> 0 | J5: 0 | K5: 0 | L5: 0 | M5: ='07-03-2026'!J50 -> 322198 | N5: 0 | O5: 31765
C6: CBL | D6: Danish ws | E6: Ayoub | F6: 615746 | G6: 0 | H6: =F6-G6 -> 615746 | I6: =H6-J6 -> 615746 | J6: 0 | K6: 0 | L6: 0 | M6: ='07-03-2026'!J51 -> 3643078 | N6: 0 | O6: 618534
C7: CBL | D7: Murtaza | E7: Saad | F7: 91897 | G7: 0 | H7: =F7-G7 -> 91897 | I7: =H7-J7 -> 72571 | J7: 19326 | K7: 0 | L7: 0 | M7: ='07-03-2026'!J52 -> 1240099 | N7: 0 | O7: 80456
C8: CBL | D8: Ali | E8: Awais | F8: 165963 | G8: 0 | H8: =F8-G8 -> 165963 | I8: =H8-J8 -> 153668 | J8: 12295 | K8: 0 | L8: 0 | M8: ='07-03-2026'!J53 -> 903019 | N8: 0 | O8: 58892
C9: CBL | D9: Kashif | E9: Aqib | F9: 74957 | G9: 0 | H9: =F9-G9 -> 74957 | I9: =H9-J9 -> 66644 | J9: 8313 | K9: 0 | L9: 2000 | M9: ='07-03-2026'!J54 -> 1307442 | N9: 0 | O9: 25701
C10: CBL | D10: Anas | E10: Aqib | F10: 69330 | G10: 2662 | H10: =F10-G10 -> 66668 | I10: =H10-J10 -> 42848 | J10: 23820 | K10: 0 | L10: 0 | M10: ='07-03-2026'!J55 -> 516316 | N10: 0 | O10: 49504
C11: Total | F11: =SUM(F5:F10) -> 1017893 | G11: =SUM(G5:G10) -> 2662 | H11: =SUM(H5:H10) -> 1015231 | I11: =SUM(I5:I10) -> 951477 | J11: =SUM(J5:J10) -> 63754 | K11: =SUM(K5:K10) -> 0 | L11: =SUM(L5:L10) -> 2000 | M11: =SUM(M5:M10) -> 7932152 | ... O11: =SUM(O5:O10) -> 864852
C12: CDM/TANG | D12: QADEER | E12: Ikram | F12: 91895 | G12: 1056 | H12: =F12-G12 -> 90839 | I12: =H12-J12 -> 69709 | J12: 21130 | K12: 0 | L12: 0 | M12: ='07-03-2026'!J59 -> 459174 | N12: 0 | O12: 59834
C13: CDM/TANG | D13: QADEER | E13: Counter Sale | F13: 844 | G13: 0 | H13: =F13-G13 -> 844 | I13: =H13-J13 -> 0 | J13: 844
C14: CDM/TANG | D14: SHAHID | E14: Ikram | F14: 183851 | G14: 1842 | H14: =F14-G14 -> 182009 | I14: =H14-J14 -> 122440 | J14: 59569 | K14: 0 | L14: 10394 | M14: ='07-03-2026'!J60 -> 1545602 | N14: 0 | O14: 0
C15: CDM/TANG | D15: SHAHID | E15: Counter Sale | F15: 3207 | G15: 0 | H15: =F15-G15 -> 3207 | I15: =H15-J15 -> 0 | J15: 3207
C16: CDM/TANG | D16: DANISH | F16: 0 | G16: 0 | H16: =F16-G16 -> 0 | I16: =H16-J16 -> 0 | J16: 0 | K16: 0 | L16: 0 | M16: ='07-03-2026'!J61 -> 515612 | N16: 0 | O16: 90000
C17: CDM/TANG | D17: Kashif | E17: Aqib | F17: 36281 | G17: 0 | H17: =F17-G17 -> 36281 | I17: =H17-J17 -> 0 | J17: 36281 | K17: 0 | L17: 0 | M17: 0 | N17: 0 | O17: 0
C18: CDM/TANG | D18: Murtaza | F18: 0 | G18: 0 | H18: =F18-G18 -> 0 | I18: =H18-J18 -> 0 | J18: 0 | K18: 0 | L18: 0 | M18: 0 | N18: 0 | O18: 0
C19: CDM/TANG | F19: =SUM(F12:F18) -> 316078 | G19: =SUM(G12:G18) -> 2898 | H19: =SUM(H12:H17) -> 313180 | I19: =SUM(I12:I17) -> 192149 | J19: =SUM(J12:J18) -> 121031 | K19: =SUM(K12:K17) -> 0 | L19: =SUM(L12:L17) -> 10394 | M19: =SUM(M12:M18) -> 2520388 | N19: =SUM(N12:N17) -> 0 | O19: =SUM(O12:O18) -> 149834
C20: POP NOSH | D20: SHAHID | E20: - | F20: 0 | G20: 0 | H20: =F20-G20 -> 0 | I20: =H20-J20 -> 0 | J20: 0 | K20: 0 | L20: 0 | M20: ='07-03-2026'!J63 -> 51257 | N20: 0 | O20: 0
F21: =SUM(F20) -> 0 | G21: =SUM(G20) -> 0 | H21: =SUM(H20) -> 0 | I21: =SUM(I20) -> 0 | J21: =SUM(J20) -> 0 | K21: =SUM(K20) -> 0 | L21: =SUM(L20) -> 0 | M21: =SUM(M20) -> 51257 | ... O21: =SUM(O20) -> 0
C22: Imported Items | D22: SHAHZAD AHMAD | E22: - | F22: 0 | G22: 0 | H22: =F22-G22 -> 0 | I22: =H22-J22 -> 0 | J22: 0 | K22: 0 | L22: 0 | M22: ='07-03-2026'!J74 -> 33969 | N22: 0 | O22: 0
C23: Imported Items | D23: SHAHID | E23: - | F23: 0 | G23: 0 | H23: =F23-G23 -> 0 | I23: =H23-J23 -> 0 | J23: 0 | K23: 0 | L23: 0 | M23: ='07-03-2026'!J75 -> 18969 | N23: 0 | O23: 0
C24: Total | F24: =SUM(F22:F23) -> 0 | G24: =SUM(G22:G23) -> 0 | H24: =SUM(H22:H23) -> 0 | I24: =SUM(I22:I23) -> 0 | J24: =SUM(J22:J23) -> 0 | K24: =SUM(K22:K23) -> 0 | L24: =SUM(L22:L23) -> 0 | M24: =SUM(F24:L24) -> 0 | N24: =SUM(N22:N23) -> 0 | O24: =SUM(O22:O23) -> 0
C25: TAHORA | D25: SHAHZAD AHMAD | E25: - | F25: 0 | G25: 0 | H25: =F25-G25 -> 0 | I25: =H25-J25 -> 0 | J25: 0 | K25: 0 | L25: 0 | M25: ='07-03-2026'!J78 -> 89658 | N25: 0 | O25: 0
C26: TAHORA | D26: MURTAZA | E26: - | F26: 0 | G26: 0 | H26: =F26-G26 -> 0 | I26: =H26-J26 -> 0 | J26: 0 | K26: 0 | L26: 0 | M26: ='07-03-2026'!J79 -> 17000 | N26: 0 | O26: 0
C27: Total | F27: =SUM(F25:F26) -> 0 | G27: =SUM(G25:G26) -> 0 | H27: =SUM(H25:H26) -> 0 | I27: =SUM(I25:I26) -> 0 | J27: =SUM(J25:J26) -> 0 | K27: =SUM(K25:K26) -> 0 | L27: =SUM(L25:L26) -> 0 | M27: =SUM(M25:M26) -> 106658 | ... O27: =SUM(O25:O26) -> 0
C28: SHAN | D28: KHAWAR | E28: Awais | F28: 54615 | G28: 0 | H28: =F28-G28 -> 54615 | I28: =H28-J28 -> 54615 | J28: 0 | K28: 0 | L28: 0 | M28: ='07-03-2026'!J66 -> 1409002 | N28: 0 | O28: 31589
C29: SHAN | D29: MURTAZA | E29: - | F29: 0 | G29: 0 | H29: =F29-G29 -> 0 | I29: =H29-J29 -> 0 | J29: 0 | K29: 0 | L29: 0 | M29: ='07-03-2026'!J67 -> 174473 | N29: 0 | O29: 0
C30: SHAN | D30: DANISH | E30: - | F30: 0 | G30: 0 | H30: =F30-G30 -> 0 | I30: =H30-J30 -> 0 | J30: 0 | K30: 0 | L30: 0 | M30: ='07-03-2026'!J68 -> 35126 | N30: 0 | O30: 0
C31: SHAN | D31: ASHRAF | E31: Sami | F31: 183767 | G31: 20640 | H31: =F31-G31 -> 163127 | I31: =H31-J31 -> 160131 | J31: 2996 | K31: 0 | L31: 0 | M31: ='07-03-2026'!J69 -> 1293567 | N31: 0 | O31: 34385
C32: Total | F32: =SUM(F28:F31) -> 238382 | G32: =SUM(G28:G31) -> 20640 | H32: =SUM(H28:H31) -> 217742 | I32: =SUM(I28:I31) -> 214746 | J32: =SUM(J28:J31) -> 2996 | K32: =SUM(K28:K31) -> 0 | L32: =SUM(L28:L31) -> 0 | M32: =SUM(M28:M31) -> 2912168 | ... O32: =SUM(O28:O31) -> 65974
C33: NET TOTAL | F33: =F32+F27+F24+F21+F19+F11 -> 1572353 | G33: =G32+G27+G24+G21+G19+G11 -> 26200 | H33: =H32+H27+H24+H21+H19+H11 -> 1546153 | I33: =I32+I27+I24+I21+I19+I11 -> 1358372 | J33: =J32+J27+J24+J21+J19+J11 -> 187781 | K33: =K32+K27+K24+K21+K19+K11 -> 0 | L33: =L32+L27+L24+L21+L19+L11 -> 12394 | M33: =M32+M27+M24+M21+M19+M11 -> 13522623 | ... O33: =O32+O27+O24+O21+O19+O11 -> 1080660
F34: CBL Cash | G34: =O11+L11+J11-K11 -> 930606
F35: CDM Cash | G35: =O19+L19+J19-K19+O21+L21+J21-K21 -> 281259 | I35: Amount | J35: MCB Onlines | K35: Value | M35: Detail
C36: Onlines | F36: Imported Item Cash | G36: =O24+L24+J24-K24 -> 0
F37: TAHORA | G37: =O27+L27+J27-K27 -> 0
F38: Shan Food's Cash | G38: =O32+L32+J32-K32 -> 68970
F39: Total Cash | G39: =SUM(G34:G38) -> 1280835
H49: Today Credit Closed
H50: COMPANY | I50: ODERBOOKERS | J50: CREDIT AMOUNT
H51: CBL | I51: Danish | J51: =M5-O5-N5-L5+I5 -> 290433 | K51: 359515 | L51: =J51-K51 -> -69082
C52: 45931 | H52: CBL | I52: Danish ws | J52: =M6-O6-N6-L6+I6+G52 -> 3640290 | K52: 3643077 | L52: =J52-K52 -> -2787
C53: Cash Flow Statement | H53: CBL | I53: Murtaza | J53: =M7-O7-N7-L7+I7+G53 -> 1232214 | K53: 1158224 | L53: =J53-K53 -> 73990
C54: Opening Cash | D54: ='Opening Balance FEB 2026'!J4 -> 1308640 | H54: CBL | I54: Ali | J54: =M8-O8-N8-L8+I8+G54 -> 997795 | K54: 903051 | L54: =J54-K54 -> 94744
C55: Today Cash Collection | D55: =G39 -> 1280835 | H55: CBL | I55: Kashif | J55: =M9-O9-N9-L9+I9+G55 -> 1346385 | K55: 1242441 | L55: =J55-K55 -> 103944
C56: TOTAL | D56: =D54+D55 -> 2589475 | H56: CBL | I56: Anas | J56: =M10-O10-N10-L10+I10+G56 -> 509660 | K56: 516317 | L56: =J56-K56 -> -6657
C57: Daily EXPS | D57: 0 | H57: TOTAL | J57: =SUM(J51:J56) -> 8016777 | K57: 8018229 | L57: =J57-K57 -> -1452
C58: Personal | D58: 0
C59: Kamyti | D59: 10000 | H59: COMPANY | I59: ODERBOOKERS | J59: CREDIT AMOUNT
C60: TOTAL EXPS | D60: =SUM(D57:E59) -> 10000 | H60: CDM | I60: Qadeer | J60: =M12-O12-N12-L12+I12 -> 469049 | K60: 469049 | L60: =J60-K60 -> 0
C61: Remaining Cash | D61: =D56-D57-D59-D58 -> 2579475 | H61: CDM | I61: Shahid | J61: =M14-O14-N14-L14+I14 -> 1657648 | K61: 1702648 | L61: =J61-K61 -> -45000
C62: Onlines | H62: CDM | I62: Danish | J62: =M16-O16-N16-L16+I16 -> 425612 | K62: 425612 | L62: =J62-K62 -> 0
C63: CBL | D63: 0 | H63: CDM | I63: Kashif | J63: 8160 | K63: 8160 | L63: =J63-K63 -> 0
C64: CDM & Tang | D64: 0 | H64: POP NOSH | I64: Shahid | J64: =M20-O20-N20-L20+I20 -> 51257 | K64: 51257 | L64: =J64-K64 -> 0
C65: Shan Foods | D65: 0 | H65: TOTAL | J65: =SUM(J60:J64) -> 2611726 | K65: =SUM(K60:K64) -> 2656726 | L65: =J65-K65 -> -45000
C66: POP Nosh | D66: 0 | H66: COMPANY | I66: ODERBOOKERS | J66: CREDIT AMOUNT
C67: Uncle Nadeem | D67: 0 | H67: SHAN FOODs | I67: Khawar | J67: =M28-O28-N28-L28+I28 -> 1432028 | K67: 1377413 | L67: =J67-K67 -> 54615
C68: TOTAL ONLINES | D68: =SUM(D63:D67) -> 0 | H68: SHAN FOODs | I68: Murtaza | J68: =M29-O29-N29-L29+I29 -> 174473 | K68: 174473 | L68: =J68-K68 -> 0
C69: Today Closing Cash | D69: =D61-D68 -> 2579475 | H69: SHAN FOODs | I69: Danish | J69: =M30-O30-N30-L30+I30 -> 35126 | K69: 35126 | L69: =J69-K69 -> 0
D70: 3102990 | H70: SHAN FOODs | I70: Ashraf | J70: =M31-O31-N31-L31+I31+G70 -> 1419313 | K70: 1419313 | L70: =J70-K70 -> 0
D71: =D69-D70 -> -523515 | H71: SHAN FOODs | I71: Kashif | J71: ='Opening Balance FEB 2026'!F24 -> 66046 | K71: 96296 | L71: =J71-K71 -> -30250
H72: SHAN FOODs | I72: Shahid | J72: ='Opening Balance FEB 2026'!F25 -> 23570 | K72: 23570 | L72: =J72-K72 -> 0
H73: TOTAL | J73: =SUM(J67:J72) -> 3150556 | K73: 3121191 | L73: =J73-K73 -> 29365
H74: COMPANY | I74: ODERBOOKERS | J74: CREDIT AMOUNT
H75: IMPORTED ITEMS | I75: Shahzad Ahmad | J75: =M22-O22-N22-L22+I22-G74 -> 33969 | K75: 33969 | L75: =J75-K75 -> 0
H76: IMPORTED ITEMS | I76: Shahid | J76: =M23-O23-N23-L23+I23 -> 18969 | K76: 33969 | L76: =J76-K76 -> -15000
H77: TOTAL | J77: =SUM(J75:J76) -> 52938 | K77: 160846 | L77: =J77-K77 -> -107908
G78: 0 | H78: COMPANY | I78: ODERBOOKERS | J78: CREDIT AMOUNT | K78: 0
H79: MAHEE | I79: Shahzad Ahmad | J79: =M25-O25-N25-L25+I25-G78 -> 89658 | K79: 89658 | L79: =J79-K79 -> 0
H80: MAHEE | I80: Murtaza | J80: =M26-O26-N26-L26+I26 -> 17000 | K80: 67000 | L80: =J80-K80 -> -50000
H81: TOTAL | J81: =SUM(J79:J80) -> 106658 | K81: =SUM(K78:K80) -> 156658 | L81: =J81-K81 -> -50000
H82: COMPANY | I82: ODERBOOKERS | J82: CREDIT AMOUNT | K82: 0
H83: PAKAGES | I83: Rabnawaz | J83: ='Opening Balance FEB 2026'!F36 -> 103541 | K83: 103541 | L83: =J83-K83 -> 0
H84: PAKAGES | I84: Shahid | J84: ='Opening Balance FEB 2026'!F37 -> 6013 | K84: 6013 | L84: =J84-K84 -> 0
H85: TOTAL | J85: 109554 | K85: =SUM(K82:K84) -> 109554 | L85: =J85-K85 -> 0
H86: COMPANY | I86: ODERBOOKERS | J86: CREDIT AMOUNT | K86: 0
H87: QUICE | I87: Shahid | J87: ='Opening Balance FEB 2026'!F40 -> 16440 | K87: 16440 | L87: =J87-K87 -> 0
H88: TOTAL | J88: 16440 | K88: =SUM(K86:K87) -> 16440
H90: Grand Total | J90: =J88+J85+J81+J77+J73+J65+J57 -> 14064649
D92: ORDERBOOKERS PROGRESS
D93: COMPANY | E93: ODERBOOKERS | F93: MTD SALE | G93: MTD RECOVERY | H93: MTD CREDIT
D94: CBL | E94: Danish | F94: =H5 -> 0 | G94: =O5 -> 31765 | H94: =I5 -> 0
D95: CBL | E95: Danish ws | F95: =H6 -> 615746 | G95: =O6 -> 618534 | H95: =I6 -> 615746
D96: CBL | E96: Murtaza | F96: =H7 -> 91897 | G96: =O7 -> 80456 | H96: =I7 -> 72571
D97: CBL | E97: Ali | F97: =H8 -> 165963 | G97: =O8 -> 58892 | H97: =I8 -> 153668
D98: CBL | E98: Kashif | F98: =H9 -> 74957 | G98: =O9 -> 25701 | H98: =I9 -> 66644
D99: CBL | E99: Anas | F99: =H10+#REF! -> #REF! | G99: =O10 -> 49504 | H99: =I10 -> 42848
D100: TOTAL | F100: =SUM(F94:F99) -> #REF! | G100: =SUM(G94:G99) -> 864852 | H100: =SUM(H94:H99) -> 951477
D101: COMPANY | E101: ODERBOOKERS | F101: MTD SALE | G101: MTD RECOVERY | H101: MTD CREDIT
D102: CDM | E102: Qadeer | F102: =H12 -> 90839 | G102: =O12 -> 59834 | H102: =I12 -> 69709
D103: CDM | E103: Shahid | F103: =H14 -> 182009 | G103: =O14 -> 0 | H103: =I14 -> 122440
D104: POP NOSH | E104: Shahid | F104: 0 | G104: 0 | H104: 0
D105: TOTAL | F105: =SUM(F102:F104) -> 272848 | G105: =SUM(G102:G104) -> 59834 | H105: =SUM(H102:H104) -> 192149
D106: COMPANY | E106: ODERBOOKERS | F106: MTD SALE | G106: MTD RECOVERY | H106: MTD CREDIT
D107: SHAN FOODs | E107: Khawar | F107: =#REF! -> #REF! | G107: =#REF! -> #REF! | H107: =#REF! -> #REF!
D108: SHAN FOODs | E108: Murtaza | F108: =H29 -> 0 | G108: =O29 -> 0 | H108: 0
D109: SHAN FOODs | E109: Ashraf | F109: =#REF!+#REF! -> #REF! | G109: =#REF! -> #REF! | H109: =#REF!+#REF! -> #REF!
D110: TOTAL | F110: =SUM(F107:F109) -> #REF! | G110: =SUM(G107:G109) -> #REF! | H110: =SUM(H107:H109) -> #REF!
D111: COMPANY | E111: ODERBOOKERS | F111: MTD SALE | G111: MTD RECOVERY | H111: MTD CREDIT
D112: IMPORTED ITEMS | E112: Shahzad Ahmad | F112: =H22 -> 0 | G112: =O22 -> 0 | H112: =I22 -> 0
...

Sheet 09-03-2026
C2: 46090
C3: Daily Cash Flow Statement
C4: Companies | D4: Order Bookers | E4: Suppliers | F4: Today Supply | G4: Return Stock | H4: Posting | I4: Credit Posted | J4: Summary Cash | K4: Claim Cleard By Suppliers | L4: Sabqa Payment By Suppliers | M4: Recovery List | N4: Return Stock/Claim Clear By OB | O4: Total Recovery
C5: CBL | D5: Danish | E5: Awais | F5: 117124 | G5: 1368 | H5: =F5-G5 -> 115756 | I5: =H5-J5 -> 25478 | J5: 90278 | K5: 0 | L5: 0 | M5: ='08-03-2026'!J51 -> 290433 | N5: 0 | O5: 18226
C6: CBL | D6: Danish ws | E6: Ikram | F6: 0 | G6: 0 | H6: =F6-G6 -> 0 | I6: =H6-J6 -> 0 | J6: 0 | K6: 0 | L6: 0 | M6: ='08-03-2026'!J52 -> 3640290 | N6: 0 | O6: 90000
C7: CBL | D7: Murtaza | E7: Saad | F7: 283633 | G7: 0 | H7: =F7-G7 -> 283633 | I7: =H7-J7 -> 282494 | J7: 1139 | K7: 0 | L7: 0 | M7: ='08-03-2026'!J53 -> 1232214 | N7: 0 | O7: 45927
C8: CBL | D8: Ali | E8: Ikram | F8: 104546 | G8: 0 | H8: =F8-G8 -> 104546 | I8: =H8-J8 -> 94729 | J8: 9817 | K8: 0 | L8: 0 | M8: ='08-03-2026'!J54 -> 997795 | N8: 0 | O8: 59366
C9: CBL | D9: Kashif | E9: Awais | F9: 64344 | G9: 0 | H9: =F9-G9 -> 64344 | I9: =H9-J9 -> 15254 | J9: =50239-1149 -> 49090 | K9: 0 | L9: 0 | M9: ='08-03-2026'!J55 -> 1346385 | N9: 0 | O9: 67006
C10: CBL | D10: Anas | E10: Ayoub | F10: 114949 | G10: 1051 | H10: =F10-G10 -> 113898 | I10: =H10-J10 -> 113898 | J10: 0 | K10: 0 | L10: 0 | M10: ='08-03-2026'!J56 -> 509660 | N10: 0 | O10: 37974
C11: Total | F11: =SUM(F5:F10) -> 684596 | G11: =SUM(G5:G10) -> 2419 | H11: =SUM(H5:H10) -> 682177 | I11: =SUM(I5:I10) -> 531853 | J11: =SUM(J5:J10) -> 150324 | K11: =SUM(K5:K10) -> 0 | L11: =SUM(L5:L10) -> 0 | M11: =SUM(M5:M10) -> 8016777 | ... O11: =SUM(O5:O10) -> 318499
C12: CDM/TANG | D12: QADEER | E12: Sami | F12: 71924 | G12: 668 | H12: =F12-G12 -> 71256 | I12: =H12-J12 -> 43127 | J12: 28129 | K12: 0 | L12: 0 | M12: ='08-03-2026'!J60 -> 469049 | N12: 0 | O12: 66458
C13: CDM/TANG | D13: SHAHID | E13: Awais | F13: 52600 | G13: 446 | H13: =F13-G13 -> 52154 | I13: =H13-J13 -> 7187 | J13: 44967 | K13: 0 | L13: 0 | M13: ='08-03-2026'!J61 -> 1657648 | N13: 0 | O13: 359610
C14: CDM/TANG | D14: SHAHID | E14: Ikram | F14: 59251 | G14: 0 | H14: =F14-G14 -> 59251 | I14: =H14-J14 -> 59251 | J14: 0
C15: CDM/TANG | D15: DANISH | E15: Awais | F15: 70943 | G15: 0 | H15: =F15-G15 -> 70943 | I15: =H15-J15 -> 31565 | J15: 39378 | K15: 0 | L15: 0 | M15: ='08-03-2026'!J62 -> 425612 | N15: 0 | O15: 0
C16: CDM/TANG | D16: Kashif | E16: Awais | F16: 10753 | G16: 0 | H16: =F16-G16 -> 10753 | I16: =H16-J16 -> 0 | J16: 10753 | K16: 0 | L16: 0 | M16: 0 | N16: 0 | O16: 0
C17: CDM/TANG | D17: Murtaza | F17: 0 | G17: 0 | H17: =F17-G17 -> 0 | I17: =H17-J17 -> 0 | J17: 0 | K17: 0 | L17: 0 | M17: 0 | N17: 0 | O17: 0
C18: CDM/TANG | F18: =SUM(F12:F17) -> 265471 | G18: =SUM(G12:G17) -> 1114 | H18: =SUM(H12:H16) -> 264357 | I18: =SUM(I12:I16) -> 141130 | J18: =SUM(J12:J17) -> 123227 | K18: =SUM(K12:K16) -> 0 | L18: =SUM(L12:L16) -> 0 | M18: =SUM(M12:M17) -> 2552309 | N18: =SUM(N12:N16) -> 0 | O18: =SUM(O12:O17) -> 426068
C19: POP NOSH | D19: SHAHID | E19: - | F19: 0 | G19: 0 | H19: =F19-G19 -> 0 | I19: =H19-J19 -> 0 | J19: 0 | K19: 0 | L19: 0 | M19: ='08-03-2026'!J64 -> 51257 | N19: 0 | O19: 0
F20: =SUM(F19) -> 0 | G20: =SUM(G19) -> 0 | H20: =SUM(H19) -> 0 | I20: =SUM(I19) -> 0 | J20: =SUM(J19) -> 0 | K20: =SUM(K19) -> 0 | L20: =SUM(L19) -> 0 | M20: =SUM(M19) -> 51257 | ... O20: =SUM(O19) -> 0
C21: Imported Items | D21: SHAHZAD AHMAD | E21: - | F21: 0 | G21: 0 | H21: =F21-G21 -> 0 | I21: =H21-J21 -> 0 | J21: 0 | K21: 0 | L21: 0 | M21: ='08-03-2026'!J75 -> 33969 | N21: 0 | O21: 0
C22: Imported Items | D22: SHAHID | E22: - | F22: 0 | G22: 0 | H22: =F22-G22 -> 0 | I22: =H22-J22 -> 0 | J22: 0 | K22: 0 | L22: 0 | M22: ='08-03-2026'!J76 -> 18969 | N22: 0 | O22: 0
C23: Total | F23: =SUM(F21:F22) -> 0 | G23: =SUM(G21:G22) -> 0 | H23: =SUM(H21:H22) -> 0 | I23: =SUM(I21:I22) -> 0 | J23: =SUM(J21:J22) -> 0 | K23: =SUM(K21:K22) -> 0 | L23: =SUM(L21:L22) -> 0 | M23: =SUM(F23:L23) -> 0 | N23: =SUM(N21:N22) -> 0 | O23: =SUM(O21:O22) -> 0
C24: TAHORA | D24: SHAHZAD AHMAD | E24: - | F24: 0 | G24: 0 | H24: =F24-G24 -> 0 | I24: =H24-J24 -> 0 | J24: 0 | K24: 0 | L24: 0 | M24: ='08-03-2026'!J79 -> 89658 | N24: 0 | O24: 0
C25: TAHORA | D25: MURTAZA | E25: - | F25: 0 | G25: 0 | H25: =F25-G25 -> 0 | I25: =H25-J25 -> 0 | J25: 0 | K25: 0 | L25: 0 | M25: ='08-03-2026'!J80 -> 17000 | N25: 0 | O25: 0
C26: Total | F26: =SUM(F24:F25) -> 0 | G26: =SUM(G24:G25) -> 0 | H26: =SUM(H24:H25) -> 0 | I26: =SUM(I24:I25) -> 0 | J26: =SUM(J24:J25) -> 0 | K26: =SUM(K24:K25) -> 0 | L26: =SUM(L24:L25) -> 0 | M26: =SUM(M24:M25) -> 106658 | ... O26: =SUM(O24:O25) -> 0
C27: SHAN | D27: KHAWAR | E27: Awais | F27: 55524 | G27: 0 | H27: =F27-G27 -> 55524 | I27: =H27-J27 -> 36927 | J27: 18597 | K27: 0 | L27: 0 | M27: ='08-03-2026'!J67 -> 1432028 | N27: 0 | O27: 71325
C28: SHAN | D28: MURTAZA | E28: - | F28: 0 | G28: 0 | H28: =F28-G28 -> 0 | I28: =H28-J28 -> 0 | J28: 0 | K28: 0 | L28: 0 | M28: ='08-03-2026'!J68 -> 174473 | N28: 0 | O28: 0
C29: SHAN | D29: DANISH | E29: - | F29: 0 | G29: 0 | H29: =F29-G29 -> 0 | I29: =H29-J29 -> 0 | J29: 0 | K29: 0 | L29: 0 | M29: ='08-03-2026'!J69 -> 35126 | N29: 0 | O29: 0
C30: SHAN | D30: ASHRAF | E30: Ayoub | F30: 54430 | G30: 0 | H30: =F30-G30 -> 54430 | I30: =H30-J30 -> 49684 | J30: 4746 | K30: 0 | L30: 0 | M30: ='08-03-2026'!J70 -> 1419313 | N30: 0 | O30: 52780
C31: Total | F31: =SUM(F27:F30) -> 109954 | G31: =SUM(G27:G30) -> 0 | H31: =SUM(H27:H30) -> 109954 | I31: =SUM(I27:I30) -> 86611 | J31: =SUM(J27:J30) -> 23343 | K31: =SUM(K27:K30) -> 0 | L31: =SUM(L27:L30) -> 0 | M31: =SUM(M27:M30) -> 3060940 | ... O31: =SUM(O27:O30) -> 124105
C32: NET TOTAL | F32: =F31+F26+F23+F20+F18+F11 -> 1060021 | G32: =G31+G26+G23+G20+G18+G11 -> 3533 | H32: =H31+H26+H23+H20+H18+H11 -> 1056488 | I32: =I31+I26+I23+I20+I18+I11 -> 759594 | J32: =J31+J26+J23+J20+J18+J11 -> 296894 | K32: =K31+K26+K23+K20+K18+K11 -> 0 | L32: =L31+L26+L23+L20+L18+L11 -> 0 | M32: =M31+M26+M23+M20+M18+M11 -> 13787941 | ... O32: =O31+O26+O23+O20+O18+O11 -> 868672
F33: CBL Cash | G33: =O11+L11+J11-K11 -> 468823
F34: CDM Cash | G34: =O18+L18+J18-K18+O20+L20+J20-K20 -> 549295 | I34: Amount | J34: MCB Onlines | K34: Value | M34: Detail
C35: Onlines | F35: Imported Item Cash | G35: =O23+L23+J23-K23 -> 0
F36: TAHORA | G36: =O26+L26+J26-K26 -> 0
F37: Shan Food's Cash | G37: =O31+L31+J31-K31 -> 147448
F38: Total Cash | G38: =SUM(G33:G37) -> 1165566
H48: Today Credit Closed
H49: COMPANY | I49: ODERBOOKERS | J49: CREDIT AMOUNT
H50: CBL | I50: Danish | J50: =M5-O5-N5-L5+I5 -> 297685 | K50: 297685 | L50: =J50-K50 -> 0
C51: 45931 | H51: CBL | I51: Danish ws | J51: =M6-O6-N6-L6+I6+G51 -> 3550290 | K51: 3610738 | L51: =J51-K51 -> -60448
C52: Cash Flow Statement | H52: CBL | I52: Murtaza | J52: =M7-O7-N7-L7+I7+G52 -> 1468781 | K52: 1468782 | L52: =J52-K52 -> -1
C53: Opening Cash | D53: ='Opening Balance FEB 2026'!J4 -> 1308640 | H53: CBL | I53: Ali | J53: =M8-O8-N8-L8+I8+G53 -> 1033158 | K53: 1033190 | L53: =J53-K53 -> -32
C54: Today Cash Collection | D54: =G38 -> 1165566 | H54: CBL | I54: Kashif | J54: =M9-O9-N9-L9+I9+G54 -> 1294633 | K54: 1242441 | L54: =J54-K54 -> 52192
C55: TOTAL | D55: =D53+D54 -> 2474206 | H55: CBL | I55: Anas | J55: =M10-O10-N10-L10+I10+G55 -> 585584 | K55: 585585 | L55: =J55-K55 -> -1
C56: Daily EXPS | D56: 0 | H56: TOTAL | J56: =SUM(J50:J55) -> 8230131 | K56: 8289431 | L56: =J56-K56 -> -59300
C57: Personal | D57: 0
C58: Kamyti | D58: 10000 | H58: COMPANY | I58: ODERBOOKERS | J58: CREDIT AMOUNT
C59: TOTAL EXPS | D59: =SUM(D56:E58) -> 10000 | H59: CDM | I59: Qadeer | J59: =M12-O12-N12-L12+I12 -> 445718 | K59: 445718 | L59: =J59-K59 -> 0
C60: Remaining Cash | D60: =D55-D56-D58-D57 -> 2464206 | H60: CDM | I60: Shahid | J60: =M13-O13-N13-L13+I13+I14 -> 1364476 | K60: 1409476 | L60: =J60-K60 -> -45000
C61: Onlines | H61: CDM | I61: Danish | J61: =M15-O15-N15-L15+I15 -> 457177 | K61: 457177 | L61: =J61-K61 -> 0
C62: CBL | D62: 0 | H62: CDM | I62: Kashif | J62: 8160 | K62: 8160 | L62: =J62-K62 -> 0
C63: CDM & Tang | D63: 0 | H63: POP NOSH | I63: Shahid | J63: =M19-O19-N19-L19+I19 -> 51257 | K63: 51257 | L63: =J63-K63 -> 0
C64: Shan Foods | D64: 0 | H64: TOTAL | J64: =SUM(J59:J63) -> 2326788 | K64: =SUM(K59:K63) -> 2371788 | L64: =J64-K64 -> -45000
C65: POP Nosh | D65: 0 | H65: COMPANY | I65: ODERBOOKERS | J65: CREDIT AMOUNT
C66: Uncle Nadeem | D66: 0 | H66: SHAN FOODs | I66: Khawar | J66: =M27-O27-N27-L27+I27 -> 1397630 | K66: 1343015 | L66: =J66-K66 -> 54615
C67: TOTAL ONLINES | D67: =SUM(D62:D66) -> 0 | H67: SHAN FOODs | I67: Murtaza | J67: =M28-O28-N28-L28+I28 -> 174473 | K67: 174473 | L67: =J67-K67 -> 0
C68: Today Closing Cash | D68: =D60-D67 -> 2464206 | H68: SHAN FOODs | I68: Danish | J68: =M29-O29-N29-L29+I29 -> 35126 | K68: 35126 | L68: =J68-K68 -> 0
D69: 3102990 | H69: SHAN FOODs | I69: Ashraf | J69: =M30-O30-N30-L30+I30+G69 -> 1416217 | K69: 1416217 | L69: =J69-K69 -> 0
D70: =D68-D69 -> -638784 | H70: SHAN FOODs | I70: Kashif | J70: ='Opening Balance FEB 2026'!F24 -> 66046 | K70: 96296 | L70: =J70-K70 -> -30250
H71: SHAN FOODs | I71: Shahid | J71: ='Opening Balance FEB 2026'!F25 -> 23570 | K71: 23570 | L71: =J71-K71 -> 0
H72: TOTAL | J72: =SUM(J66:J71) -> 3113062 | K72: 3083697 | L72: =J72-K72 -> 29365
H73: COMPANY | I73: ODERBOOKERS | J73: CREDIT AMOUNT
H74: IMPORTED ITEMS | I74: Shahzad Ahmad | J74: =M21-O21-N21-L21+I21-G73 -> 33969 | K74: 33969 | L74: =J74-K74 -> 0
H75: IMPORTED ITEMS | I75: Shahid | J75: =M22-O22-N22-L22+I22 -> 18969 | K75: 33969 | L75: =J75-K75 -> -15000
H76: TOTAL | J76: =SUM(J74:J75) -> 52938 | K76: 160846 | L76: =J76-K76 -> -107908
G77: 0 | H77: COMPANY | I77: ODERBOOKERS | J77: CREDIT AMOUNT | K77: 0
H78: MAHEE | I78: Shahzad Ahmad | J78: =M24-O24-N24-L24+I24-G77 -> 89658 | K78: 89658 | L78: =J78-K78 -> 0
H79: MAHEE | I79: Murtaza | J79: =M25-O25-N25-L25+I25 -> 17000 | K79: 67000 | L79: =J79-K79 -> -50000
H80: TOTAL | J80: =SUM(J78:J79) -> 106658 | K80: =SUM(K77:K79) -> 156658 | L80: =J80-K80 -> -50000
H81: COMPANY | I81: ODERBOOKERS | J81: CREDIT AMOUNT | K81: 0
H82: PAKAGES | I82: Rabnawaz | J82: ='Opening Balance FEB 2026'!F36 -> 103541 | K82: 103541 | L82: =J82-K82 -> 0
H83: PAKAGES | I83: Shahid | J83: ='Opening Balance FEB 2026'!F37 -> 6013 | K83: 6013 | L83: =J83-K83 -> 0
H84: TOTAL | J84: 109554 | K84: =SUM(K81:K83) -> 109554 | L84: =J84-K84 -> 0
H85: COMPANY | I85: ODERBOOKERS | J85: CREDIT AMOUNT | K85: 0
H86: QUICE | I86: Shahid | J86: ='Opening Balance FEB 2026'!F40 -> 16440 | K86: 16440 | L86: =J86-K86 -> 0
H87: TOTAL | J87: 16440 | K87: =SUM(K85:K86) -> 16440
H89: Grand Total | J89: =J87+J84+J80+J76+J72+J64+J56 -> 13955571
D91: ORDERBOOKERS PROGRESS
D92: COMPANY | E92: ODERBOOKERS | F92: MTD SALE | G92: MTD RECOVERY | H92: MTD CREDIT
D93: CBL | E93: Danish | F93: =H5 -> 115756 | G93: =O5 -> 18226 | H93: =I5 -> 25478
D94: CBL | E94: Danish ws | F94: =H6 -> 0 | G94: =O6 -> 90000 | H94: =I6 -> 0
D95: CBL | E95: Murtaza | F95: =H7 -> 283633 | G95: =O7 -> 45927 | H95: =I7 -> 282494
D96: CBL | E96: Ali | F96: =H8 -> 104546 | G96: =O8 -> 59366 | H96: =I8 -> 94729
D97: CBL | E97: Kashif | F97: =H9 -> 64344 | G97: =O9 -> 67006 | H97: =I9 -> 15254
D98: CBL | E98: Anas | F98: =H10+#REF! -> #REF! | G98: =O10 -> 37974 | H98: =I10 -> 113898
D99: TOTAL | F99: =SUM(F93:F98) -> #REF! | G99: =SUM(G93:G98) -> 318499 | H99: =SUM(H93:H98) -> 531853
D100: COMPANY | E100: ODERBOOKERS | F100: MTD SALE | G100: MTD RECOVERY | H100: MTD CREDIT
D101: CDM | E101: Qadeer | F101: =H12 -> 71256 | G101: =O12 -> 66458 | H101: =I12 -> 43127
D102: CDM | E102: Shahid | F102: =H13 -> 52154 | G102: =O13 -> 359610 | H102: =I13 -> 7187
D103: POP NOSH | E103: Shahid | F103: 0 | G103: 0 | H103: 0
D104: TOTAL | F104: =SUM(F101:F103) -> 123410 | G104: =SUM(G101:G103) -> 426068 | H104: =SUM(H101:H103) -> 50314
D105: COMPANY | E105: ODERBOOKERS | F105: MTD SALE | G105: MTD RECOVERY | H105: MTD CREDIT
D106: SHAN FOODs | E106: Khawar | F106: =#REF! -> #REF! | G106: =#REF! -> #REF! | H106: =#REF! -> #REF!
D107: SHAN FOODs | E107: Murtaza | F107: =H28 -> 0 | G107: =O28 -> 0 | H107: 0
D108: SHAN FOODs | E108: Ashraf | F108: =#REF!+#REF! -> #REF! | G108: =#REF! -> #REF! | H108: =#REF!+#REF! -> #REF!
D109: TOTAL | F109: =SUM(F106:F108) -> #REF! | G109: =SUM(G106:G108) -> #REF! | H109: =SUM(H106:H108) -> #REF!
D110: COMPANY | E110: ODERBOOKERS | F110: MTD SALE | G110: MTD RECOVERY | H110: MTD CREDIT
D111: IMPORTED ITEMS | E111: Shahzad Ahmad | F111: =H21 -> 0 | G111: =O21 -> 0 | H111: =I21 -> 0
D112: TOTAL | F112: =SUM(F111) -> 0 | G112: =SUM(G111) -> 0 | H112: =SUM(H111) -> 0
...

Sheet 10-03-2026
C2: 46091
C3: Daily Cash Flow Statement
C4: Companies | D4: Order Bookers | E4: Suppliers | F4: Today Supply | G4: Return Stock | H4: Posting | I4: Credit Posted | J4: Summary Cash | K4: Claim Cleard By Suppliers | L4: Sabqa Payment By Suppliers | M4: Recovery List | N4: Return Stock/Claim Clear By OB | O4: Total Recovery
C5: CBL | D5: Danish | E5: Aqib | F5: 45330 | G5: 0 | H5: =F5-G5 -> 45330 | I5: =H5-J5 -> 12452 | J5: 32878 | K5: 0 | L5: 29714 | M5: ='09-03-2026'!J50 -> 297685 | N5: 0 | O5: 26739
C6: CBL | D6: Danish | E6: Ikram | F6: 49338 | G6: 1766 | H6: =F6-G6 -> 47572 | I6: =H6-J6 -> 26077 | J6: 21495 | K6: 0 | L6: 0 | M6: 0 | N6: 0 | O6: 0
C7: CBL | D7: Danish ws | E7: Ikram | F7: 0 | G7: 0 | H7: =F7-G7 -> 0 | I7: =H7-J7 -> 0 | J7: 0 | K7: 0 | L7: 0 | M7: ='09-03-2026'!J51 -> 3550290 | N7: 0 | O7: 50000
C8: CBL | D8: Murtaza | E8: Aqib | F8: 244376 | G8: 3186 | H8: =F8-G8 -> 241190 | I8: =H8-J8 -> 165023 | J8: 76167 | K8: 0 | L8: 0 | M8: ='09-03-2026'!J52 -> 1468781 | N8: 0 | O8: 50852
C9: CBL | D9: Ali | E9: Ayoub | F9: 108168 | G9: 0 | H9: =F9-G9 -> 108168 | I9: =H9-J9 -> 106607 | J9: 1561 | K9: 0 | L9: 0 | M9: ='09-03-2026'!J53 -> 1033158 | N9: 0 | O9: 94246
C10: CBL | D10: Kashif | E10: Awais | F10: 240217 | G10: 2147 | H10: =F10-G10 -> 238070 | I10: =H10-J10 -> 67871 | J10: 170199 | K10: 0 | L10: 0 | M10: ='09-03-2026'!J54 -> 1294633 | N10: 0 | O10: 68120
C11: CBL | D11: Anas | E11: Saad | F11: 182197 | G11: 1735 | H11: =F11-G11 -> 180462 | I11: =H11-J11 -> 137028 | J11: 43434 | K11: 0 | L11: 0 | M11: ='09-03-2026'!J55 -> 585584 | N11: 0 | O11: 40113
C12: Total | F12: =SUM(F5:F11) -> 869626 | G12: =SUM(G5:G11) -> 8834 | H12: =SUM(H5:H11) -> 860792 | I12: =SUM(I5:I11) -> 515058 | J12: =SUM(J5:J11) -> 345734 | K12: =SUM(K5:K11) -> 0 | L12: =SUM(L5:L11) -> 29714 | M12: =SUM(M5:M11) -> 8230131 | ... O12: =SUM(O5:O11) -> 330070
C13: CDM/TANG | D13: QADEER | E13: Sami | F13: 130277 | G13: 9057 | H13: =F13-G13 -> 121220 | I13: =H13-J13 -> 76364 | J13: 44856 | K13: 0 | L13: 0 | M13: ='09-03-2026'!J59 -> 445718 | N13: 0 | O13: 0
C14: CDM/TANG | D14: SHAHID | E14: Ikram | F14: 34771 | G14: 0 | H14: =F14-G14 -> 34771 | I14: =H14-J14 -> 7684 | J14: 27087 | K14: 0 | L14: 15363 | M14: ='09-03-2026'!J60 -> 1364476 | N14: 0 | O14: 70813
C15: CDM/TANG | D15: SHAHID | E15: Awais | F15: 233453 | G15: 1114 | H15: =F15-G15 -> 232339 | I15: =H15-J15 -> 38696 | J15: 193643 | K15: 92 | L15: 0 | M15: 0 | N15: 0 | O15: 0
C16: CDM/TANG | D16: SHAHID | E16: Saad | F16: 59309 | H16: =F16-G16 -> 59309 | I16: =H16-J16 -> 1876 | J16: 57433 | K16: 0 | L16: 0 | M16: 0 | N16: 0 | O16: 0
C17: CDM/TANG | D17: SHAHID | E17: Sami | F17: 243218 | G17: 0 | H17: =F17-G17 -> 243218 | I17: =H17-J17 -> 243218 | J17: 0
C18: CDM/TANG | D18: DANISH | E18: Ikram | F18: 36571 | G18: 0 | H18: =F18-G18 -> 36571 | I18: =H18-J18 -> 25692 | J18: 10879 | K18: 0 | L18: 0 | M18: ='09-03-2026'!J61 -> 457177 | N18: 0 | O18: 0
C19: CDM/TANG | D19: Kashif | E19: Awais | F19: 0 | G19: 0 | H19: =F19-G19 -> 0 | I19: =H19-J19 -> 0 | J19: 0 | K19: 0 | L19: 0 | M19: 0 | N19: 0 | O19: 0
C20: CDM/TANG | D20: Murtaza | E20: Aqib | F20: 18944 | G20: 0 | H20: =F20-G20 -> 18944 | I20: =H20-J20 -> 0 | J20: 18944 | K20: 0 | L20: 0 | M20: 0 | N20: 0 | O20: 0
C21: CDM/TANG | F21: =SUM(F13:F20) -> 756543 | G21: =SUM(G13:G20) -> 10171 | H21: =SUM(H13:H19) -> 727428 | I21: =SUM(I13:I19) -> 393530 | J21: =SUM(J13:J20) -> 352842 | K21: =SUM(K13:K19) -> 92 | L21: =SUM(L13:L19) -> 15363 | M21: =SUM(M13:M20) -> 2267371 | N21: =SUM(N13:N19) -> 0 | O21: =SUM(O13:O20) -> 70813
C22: POP NOSH | D22: SHAHID | E22: - | F22: 0 | G22: 0 | H22: =F22-G22 -> 0 | I22: =H22-J22 -> 0 | J22: 0 | K22: 0 | L22: 0 | M22: ='09-03-2026'!J63 -> 51257 | N22: 0 | O22: 0
F23: =SUM(F22) -> 0 | G23: =SUM(G22) -> 0 | H23: =SUM(H22) -> 0 | I23: =SUM(I22) -> 0 | J23: =SUM(J22) -> 0 | K23: =SUM(K22) -> 0 | L23: =SUM(L22) -> 0 | M23: =SUM(M22) -> 51257 | ... O23: =SUM(O22) -> 0
C24: Imported Items | D24: SHAHZAD AHMAD | E24: - | F24: 0 | G24: 0 | H24: =F24-G24 -> 0 | I24: =H24-J24 -> 0 | J24: 0 | K24: 0 | L24: 0 | M24: ='09-03-2026'!J74 -> 33969 | N24: 0 | O24: 0
C25: Imported Items | D25: SHAHID | E25: Sami | F25: 20520 | G25: 0 | H25: =F25-G25 -> 20520 | I25: =H25-J25 -> 20520 | J25: 0 | K25: 0 | L25: 0 | M25: ='09-03-2026'!J75 -> 18969 | N25: 0 | O25: 0
C26: Total | F26: =SUM(F24:F25) -> 20520 | G26: =SUM(G24:G25) -> 0 | H26: =SUM(H24:H25) -> 20520 | I26: =SUM(I24:I25) -> 20520 | J26: =SUM(J24:J25) -> 0 | K26: =SUM(K24:K25) -> 0 | L26: =SUM(L24:L25) -> 0 | M26: =SUM(F26:L26) -> 61560 | N26: =SUM(N24:N25) -> 0 | O26: =SUM(O24:O25) -> 0
C27: TAHORA | D27: SHAHZAD AHMAD | E27: - | F27: 0 | G27: 0 | H27: =F27-G27 -> 0 | I27: =H27-J27 -> 0 | J27: 0 | K27: 0 | L27: 0 | M27: ='09-03-2026'!J78 -> 89658 | N27: 0 | O27: 0
C28: TAHORA | D28: MURTAZA | E28: - | F28: 0 | G28: 0 | H28: =F28-G28 -> 0 | I28: =H28-J28 -> 0 | J28: 0 | K28: 0 | L28: 0 | M28: ='09-03-2026'!J79 -> 17000 | N28: 0 | O28: 0
C29: Total | F29: =SUM(F27:F28) -> 0 | G29: =SUM(G27:G28) -> 0 | H29: =SUM(H27:H28) -> 0 | I29: =SUM(I27:I28) -> 0 | J29: =SUM(J27:J28) -> 0 | K29: =SUM(K27:K28) -> 0 | L29: =SUM(L27:L28) -> 0 | M29: =SUM(M27:M28) -> 106658 | ... O29: =SUM(O27:O28) -> 0
C30: SHAN | D30: KHAWAR | E30: Ikram | F30: 13877 | G30: 0 | H30: =F30-G30 -> 13877 | I30: =H30-J30 -> 13877 | J30: 0 | K30: 0 | L30: 0 | M30: ='09-03-2026'!J66 -> 1397630 | N30: 0 | O30: 0
C31: SHAN | D31: KHAWAR | E31: Aqib | F31: 71458 | H31: =F31-G31 -> 71458 | I31: =H31-J31 -> 59899 | J31: 11559 | K31: 0 | L31: 0 | M31: 0 | O31: 0
C32: SHAN | D32: KHAWAR | E32: Saad | F32: 8914 | G32: 0 | H32: =F32-G32 -> 8914 | I32: =H32-J32 -> 0 | J32: 8914 | K32: 0 | L32: 0 | M32: 0 | O32: 0
C33: SHAN | D33: MURTAZA | F33: 0 | G33: 0 | H33: =F33-G33 -> 0 | I33: =H33-J33 -> 0 | J33: 0 | K33: 0 | L33: 0 | M33: ='09-03-2026'!J67 -> 174473 | N33: 0 | O33: 0
C34: SHAN | D34: DANISH | F34: 0 | G34: 0 | H34: =F34-G34 -> 0 | I34: =H34-J34 -> 0 | J34: 0 | K34: 0 | L34: 0 | M34: ='09-03-2026'!J68 -> 35126 | N34: 0 | O34: 0
C35: SHAN | D35: ASHRAF | E35: Ayoub | F35: 84702 | G35: 0 | H35: =F35-G35 -> 84702 | I35: =H35-J35 -> 84702 | J35: 0 | K35: 0 | L35: 0 | M35: ='09-03-2026'!J69 -> 1416217 | N35: 0 | O35: 73186
C36: Total | F36: =SUM(F30:F35) -> 178951 | G36: =SUM(G30:G35) -> 0 | H36: =SUM(H30:H35) -> 178951 | I36: =SUM(I30:I35) -> 158478 | J36: =SUM(J30:J35) -> 20473 | K36: =SUM(K30:K35) -> 0 | L36: =SUM(L30:L35) -> 0 | M36: =SUM(M30:M35) -> 3023446 | ... O36: =SUM(O30:O35) -> 73186
C37: NET TOTAL | F37: =F36+F29+F26+F23+F21+F12 -> 1825640 | G37: =G36+G29+G26+G23+G21+G12 -> 19005 | H37: =H36+H29+H26+H23+H21+H12 -> 1787691 | I37: =I36+I29+I26+I23+I21+I12 -> 1087586 | J37: =J36+J29+J26+J23+J21+J12 -> 719049 | K37: =K36+K29+K26+K23+K21+K12 -> 92 | L37: =L36+L29+L26+L23+L21+L12 -> 45077 | M37: =M36+M29+M26+M23+M21+M12 -> 13740423 | ... O37: =O36+O29+O26+O23+O21+O12 -> 474069
F38: CBL Cash | G38: =O12+L12+J12-K12 -> 705518
F39: CDM Cash | G39: =O21+L21+J21-K21+O23+L23+J23-K23 -> 438926 | I39: Amount | J39: MCB Onlines | K39: Value | M39: Detail
C40: Onlines | F40: Imported Item Cash | G40: =O26+L26+J26-K26 -> 0
F41: TAHORA | G41: =O29+L29+J29-K29 -> 0
F42: Shan Food's Cash | G42: =O36+L36+J36-K36 -> 93659
F43: Total Cash | G43: =SUM(G38:G42) -> 1238103
H53: Today Credit Closed
H54: COMPANY | I54: ODERBOOKERS | J54: CREDIT AMOUNT
H55: CBL | I55: Danish | J55: =M5-O5-N5-L5+I5+I6 -> 279761 | K55: 309475 | L55: =J55-K55 -> -29714
C56: 45931 | H56: CBL | I56: Danish ws | J56: =M7-O7-N7-L7+I7+G56 -> 3500290 | K56: 3560738 | L56: =J56-K56 -> -60448
C57: Cash Flow Statement | H57: CBL | I57: Murtaza | J57: =M8-O8-N8-L8+I8+G57 -> 1582952 | K57: 1582953 | L57: =J57-K57 -> -1
C58: Opening Cash | D58: ='Opening Balance FEB 2026'!J4 -> 1308640 | H58: CBL | I58: Ali | J58: =M9-O9-N9-L9+I9+G58 -> 1045519 | K58: 1046551 | L58: =J58-K58 -> -1032
C59: Today Cash Collection | D59: =G43 -> 1238103 | H59: CBL | I59: Kashif | J59: =M10-O10-N10-L10+I10+G59 -> 1294384 | K59: 1294384 | L59: =J59-K59 -> 0
C60: TOTAL | D60: =D58+D59 -> 2546743 | H60: CBL | I60: Anas | J60: =M11-O11-N11-L11+I11+G60 -> 682499 | K60: 682500 | L60: =J60-K60 -> -1
C61: Daily EXPS | D61: 0 | H61: TOTAL | J61: =SUM(J55:J60) -> 8385405 | K61: 8475568 | L61: =J61-K61 -> -90163
C62: Personal | D62: 0
C63: Kamyti | D63: 10000 | H63: COMPANY | I63: ODERBOOKERS | J63: CREDIT AMOUNT
C64: TOTAL EXPS | D64: =SUM(D61:E63) -> 10000 | H64: CDM | I64: Qadeer | J64: =M13-O13-N13-L13+I13 -> 522082 | K64: 445718 | L64: =J64-K64 -> 76364
C65: Remaining Cash | D65: =D60-D61-D63-D62 -> 2536743 | H65: CDM | I65: Shahid | J65: =M14-O14-N14-L14+I14+I15+I16+I17 -> 1569774 | K65: 1409476 | L65: =J65-K65 -> 160298
C66: Onlines | H66: CDM | I66: Danish | J66: =M18-O18-N18-L18+I18 -> 482869 | K66: 457177 | L66: =J66-K66 -> 25692
C67: CBL | D67: 0 | H67: CDM | I67: Kashif | J67: 8160 | K67: 8160 | L67: =J67-K67 -> 0
C68: CDM & Tang | D68: 0 | H68: POP NOSH | I68: Shahid | J68: =M22-O22-N22-L22+I22 -> 51257 | K68: 51257 | L68: =J68-K68 -> 0
C69: Shan Foods | D69: 0 | H69: TOTAL | J69: =SUM(J64:J68) -> 2634142 | K69: =SUM(K64:K68) -> 2371788 | L69: =J69-K69 -> 262354
C70: POP Nosh | D70: 0 | H70: COMPANY | I70: ODERBOOKERS | J70: CREDIT AMOUNT
C71: Uncle Nadeem | D71: 0 | H71: SHAN FOODs | I71: Khawar | J71: =M30-O30-N30-L30+I30+I31 -> 1471406 | K71: 1343015 | L71: =J71-K71 -> 128391
C72: TOTAL ONLINES | D72: =SUM(D67:D71) -> 0 | H72: SHAN FOODs | I72: Murtaza | J72: =M33-O33-N33-L33+I33 -> 174473 | K72: 174473 | L72: =J72-K72 -> 0
C73: Today Closing Cash | D73: =D65-D72 -> 2536743 | H73: SHAN FOODs | I73: Danish | J73: =M34-O34-N34-L34+I34 -> 35126 | K73: 35126 | L73: =J73-K73 -> 0
D74: 3102990 | H74: SHAN FOODs | I74: Ashraf | J74: =M35-O35-N35-L35+I35+G74 -> 1427733 | K74: 1416217 | L74: =J74-K74 -> 11516
D75: =D73-D74 -> -566247 | H75: SHAN FOODs | I75: Kashif | J75: ='Opening Balance FEB 2026'!F24 -> 66046 | K75: 96296 | L75: =J75-K75 -> -30250
H76: SHAN FOODs | I76: Shahid | J76: ='Opening Balance FEB 2026'!F25 -> 23570 | K76: 23570 | L76: =J76-K76 -> 0
H77: TOTAL | J77: =SUM(J71:J76) -> 3198354 | K77: 3168989 | L77: =J77-K77 -> 29365
H78: COMPANY | I78: ODERBOOKERS | J78: CREDIT AMOUNT
H79: IMPORTED ITEMS | I79: Shahzad Ahmad | J79: =M24-O24-N24-L24+I24-G78 -> 33969 | K79: 33969 | L79: =J79-K79 -> 0
H80: IMPORTED ITEMS | I80: Shahid | J80: 166366 | K80: 166366 | L80: =J80-K80 -> 0
H81: TOTAL | J81: =SUM(J79:J80) -> 200335 | K81: 160846 | L81: =J81-K81 -> 39489
G82: 0 | H82: COMPANY | I82: ODERBOOKERS | J82: CREDIT AMOUNT | K82: 0
H83: MAHEE | I83: Shahzad Ahmad | J83: =M27-O27-N27-L27+I27-G82 -> 89658 | K83: 89658 | L83: =J83-K83 -> 0
H84: MAHEE | I84: Murtaza | J84: =M28-O28-N28-L28+I28 -> 17000 | K84: 67000 | L84: =J84-K84 -> -50000
H85: TOTAL | J85: =SUM(J83:J84) -> 106658 | K85: =SUM(K82:K84) -> 156658 | L85: =J85-K85 -> -50000
H86: COMPANY | I86: ODERBOOKERS | J86: CREDIT AMOUNT | K86: 0
H87: PAKAGES | I87: Rabnawaz | J87: ='Opening Balance FEB 2026'!F36 -> 103541 | K87: 103541 | L87: =J87-K87 -> 0
H88: PAKAGES | I88: Shahid | J88: ='Opening Balance FEB 2026'!F37 -> 6013 | K88: 6013 | L88: =J88-K88 -> 0
H89: TOTAL | J89: 109554 | K89: =SUM(K86:K88) -> 109554 | L89: =J89-K89 -> 0
H90: COMPANY | I90: ODERBOOKERS | J90: CREDIT AMOUNT | K90: 0
H91: QUICE | I91: Shahid | J91: ='Opening Balance FEB 2026'!F40 -> 16440 | K91: 16440 | L91: =J91-K91 -> 0
H92: TOTAL | J92: 16440 | K92: =SUM(K90:K91) -> 16440
H94: Grand Total | J94: =J92+J89+J85+J81+J77+J69+J61 -> 14650888
D96: ORDERBOOKERS PROGRESS
D97: COMPANY | E97: ODERBOOKERS | F97: MTD SALE | G97: MTD RECOVERY | H97: MTD CREDIT
D98: CBL | E98: Danish | F98: =H5 -> 45330 | G98: =O5 -> 26739 | H98: =I5 -> 12452
D99: CBL | E99: Danish ws | F99: =H7 -> 0 | G99: =O7 -> 50000 | H99: =I7 -> 0
D100: CBL | E100: Murtaza | F100: =H8 -> 241190 | G100: =O8 -> 50852 | H100: =I8 -> 165023
D101: CBL | E101: Ali | F101: =H9 -> 108168 | G101: =O9 -> 94246 | H101: =I9 -> 106607
D102: CBL | E102: Kashif | F102: =H10 -> 238070 | G102: =O10 -> 68120 | H102: =I10 -> 67871
D103: CBL | E103: Anas | F103: =H11+#REF! -> #REF! | G103: =O11 -> 40113 | H103: =I11 -> 137028
D104: TOTAL | F104: =SUM(F98:F103) -> #REF! | G104: =SUM(G98:G103) -> 330070 | H104: =SUM(H98:H103) -> 488981
D105: COMPANY | E105: ODERBOOKERS | F105: MTD SALE | G105: MTD RECOVERY | H105: MTD CREDIT
D106: CDM | E106: Qadeer | F106: =H13 -> 121220 | G106: =O13 -> 0 | H106: =I13 -> 76364
D107: CDM | E107: Shahid | F107: =H14 -> 34771 | G107: =O14 -> 70813 | H107: =I14 -> 7684
D108: POP NOSH | E108: Shahid | F108: 0 | G108: 0 | H108: 0
D109: TOTAL | F109: =SUM(F106:F108) -> 155991 | G109: =SUM(G106:G108) -> 70813 | H109: =SUM(H106:H108) -> 84048
D110: COMPANY | E110: ODERBOOKERS | F110: MTD SALE | G110: MTD RECOVERY | H110: MTD CREDIT
D111: SHAN FOODs | E111: Khawar | F111: =#REF! -> #REF! | G111: =#REF! -> #REF! | H111: =#REF! -> #REF!
D112: SHAN FOODs | E112: Murtaza | F112: =H33 -> 0 | G112: =O33 -> 0 | H112: 0
...

Sheet 11-03-2026
C2: 46092
C3: Daily Cash Flow Statement
C4: Companies | D4: Order Bookers | E4: Suppliers | F4: Today Supply | G4: Return Stock | H4: Posting | I4: Credit Posted | J4: Summary Cash | K4: Claim Cleard By Suppliers | L4: Sabqa Payment By Suppliers | M4: Recovery List | N4: Return Stock/Claim Clear By OB | O4: Total Recovery
C5: CBL | D5: Danish | E5: Aqib | F5: 74159 | G5: 0 | H5: =F5-G5 -> 74159 | I5: =H5-J5 -> 38765 | J5: 35394 | K5: 0 | L5: 0 | M5: ='10-03-2026'!J55 -> 279761 | N5: 0 | O5: 0
C6: CBL | D6: Danish ws | E6: Ikram | F6: 0 | G6: 0 | H6: =F6-G6 -> 0 | I6: =H6-J6 -> 0 | J6: 0 | K6: 0 | L6: 0 | M6: ='10-03-2026'!J56 -> 3500290 | N6: 0 | O6: 0
C7: CBL | D7: Murtaza | E7: Saad | F7: 211388 | G7: 745 | H7: =F7-G7 -> 210643 | I7: =H7-J7 -> 191056 | J7: 19587 | K7: 0 | L7: 0 | M7: ='10-03-2026'!J57 -> 1582952 | N7: 0 | O7: 80558
C8: CBL | D8: Ali | E8: Awais | F8: 121281 | G8: 0 | H8: =F8-G8 -> 121281 | I8: =H8-J8 -> 117349 | J8: 3932 | K8: 0 | L8: 0 | M8: ='10-03-2026'!J58 -> 1045519 | N8: 0 | O8: 41113
C9: CBL | D9: Kashif | E9: Aqib | F9: 103186 | G9: 1227 | H9: =F9-G9 -> 101959 | I9: =H9-J9 -> 46299 | J9: 55660 | K9: 0 | L9: 0 | M9: ='10-03-2026'!J59 -> 1294384 | N9: 290 | O9: 33455
C10: CBL | D10: Anas | E10: Ayoub | F10: 112747 | G10: 0 | H10: =F10-G10 -> 112747 | I10: =H10-J10 -> 94986 | J10: 17761 | K10: 0 | L10: 0 | M10: ='10-03-2026'!J60 -> 682499 | N10: 0 | O10: 49125
C11: Total | F11: =SUM(F5:F10) -> 622761 | G11: =SUM(G5:G10) -> 1972 | H11: =SUM(H5:H10) -> 620789 | I11: =SUM(I5:I10) -> 488455 | J11: =SUM(J5:J10) -> 132334 | K11: =SUM(K5:K10) -> 0 | L11: =SUM(L5:L10) -> 0 | M11: =SUM(M5:M10) -> 8385405 | ... O11: =SUM(O5:O10) -> 204251
C12: CDM/TANG | D12: QADEER | E12: Sami | F12: 0 | G12: 0 | H12: =F12-G12 -> 0 | I12: =H12-J12 -> 0 | J12: 0 | K12: 0 | L12: 0 | M12: ='10-03-2026'!J64 -> 522082 | N12: 0 | O12: 57097
C13: CDM/TANG | D13: SHAHID | E13: Sami | F13: 489686 | G13: 0 | H13: =F13-G13 -> 489686 | I13: =H13-J13 -> 485686 | J13: 4000 | K13: 0 | L13: 0 | M13: ='10-03-2026'!J65 -> 1569774 | N13: 0 | O13: 61090
C14: CDM/TANG | D14: DANISH | E14: Aqib | F14: 49290 | G14: 0 | H14: =F14-G14 -> 49290 | I14: =H14-J14 -> 0 | J14: 49290 | K14: 0 | L14: 0 | M14: ='10-03-2026'!J66 -> 482869 | N14: 0 | O14: 0
C15: CDM/TANG | D15: Kashif | E15: Aqib | F15: 15151 | G15: 0 | H15: =F15-G15 -> 15151 | I15: =H15-J15 -> 0 | J15: 15151 | K15: 0 | L15: 0 | M15: ='10-03-2026'!J67 -> 8160 | N15: 0 | O15: 0
C16: CDM/TANG | D16: Murtaza | E16: Aqib | F16: 0 | G16: 0 | H16: =F16-G16 -> 0 | I16: =H16-J16 -> 0 | J16: 0 | K16: 0 | L16: 0 | M16: 0 | N16: 0 | O16: 0
C17: CDM/TANG | F17: =SUM(F12:F16) -> 554127 | G17: =SUM(G12:G16) -> 0 | H17: =SUM(H12:H15) -> 554127 | I17: =SUM(I12:I15) -> 485686 | J17: =SUM(J12:J16) -> 68441 | K17: =SUM(K12:K15) -> 0 | L17: =SUM(L12:L15) -> 0 | M17: =SUM(M12:M16) -> 2582885 | N17: =SUM(N12:N15) -> 0 | O17: =SUM(O12:O16) -> 118187
C18: POP NOSH | D18: SHAHID | E18: - | F18: 0 | G18: 0 | H18: =F18-G18 -> 0 | I18: =H18-J18 -> 0 | J18: 0 | K18: 0 | L18: 0 | M18: ='10-03-2026'!J68 -> 51257 | N18: 0 | O18: 0
F19: =SUM(F18) -> 0 | G19: =SUM(G18) -> 0 | H19: =SUM(H18) -> 0 | I19: =SUM(I18) -> 0 | J19: =SUM(J18) -> 0 | K19: =SUM(K18) -> 0 | L19: =SUM(L18) -> 0 | M19: =SUM(M18) -> 51257 | ... O19: =SUM(O18) -> 0
C20: Imported Items | D20: SHAHZAD AHMAD | E20: - | F20: 0 | G20: 0 | H20: =F20-G20 -> 0 | I20: =H20-J20 -> 0 | J20: 0 | K20: 0 | L20: 0 | M20: ='10-03-2026'!J79 -> 33969 | N20: 0 | O20: 0
C21: Imported Items | D21: SHAHID | E21: Sami | F21: 0 | G21: 0 | H21: =F21-G21 -> 0 | I21: =H21-J21 -> 0 | J21: 0 | K21: 0 | L21: 0 | M21: ='10-03-2026'!J80 -> 166366 | N21: 0 | O21: 0
C22: Total | F22: =SUM(F20:F21) -> 0 | G22: =SUM(G20:G21) -> 0 | H22: =SUM(H20:H21) -> 0 | I22: =SUM(I20:I21) -> 0 | J22: =SUM(J20:J21) -> 0 | K22: =SUM(K20:K21) -> 0 | L22: =SUM(L20:L21) -> 0 | M22: =SUM(F22:L22) -> 0 | N22: =SUM(N20:N21) -> 0 | O22: =SUM(O20:O21) -> 0
C23: TAHORA | D23: SHAHZAD AHMAD | E23: - | F23: 0 | G23: 0 | H23: =F23-G23 -> 0 | I23: =H23-J23 -> 0 | J23: 0 | K23: 0 | L23: 0 | M23: ='10-03-2026'!J83 -> 89658 | N23: 0 | O23: 0
C24: TAHORA | D24: MURTAZA | E24: - | F24: 0 | G24: 0 | H24: =F24-G24 -> 0 | I24: =H24-J24 -> 0 | J24: 0 | K24: 0 | L24: 0 | M24: ='10-03-2026'!J84 -> 17000 | N24: 0 | O24: 0
C25: Total | F25: =SUM(F23:F24) -> 0 | G25: =SUM(G23:G24) -> 0 | H25: =SUM(H23:H24) -> 0 | I25: =SUM(I23:I24) -> 0 | J25: =SUM(J23:J24) -> 0 | K25: =SUM(K23:K24) -> 0 | L25: =SUM(L23:L24) -> 0 | M25: =SUM(M23:M24) -> 106658 | ... O25: =SUM(O23:O24) -> 0
C26: SHAN | D26: KHAWAR | E26: Aqib | F26: 31048 | G26: 0 | H26: =F26-G26 -> 31048 | I26: =H26-J26 -> 31048 | J26: 0 | K26: 0 | L26: 0 | M26: ='10-03-2026'!J71 -> 1471406 | N26: 0 | O26: 61311
C27: SHAN | D27: MURTAZA | E27: - | F27: 0 | G27: 0 | H27: =F27-G27 -> 0 | I27: =H27-J27 -> 0 | J27: 0 | K27: 0 | L27: 0 | M27: ='10-03-2026'!J72 -> 174473 | N27: 0 | O27: 0
C28: SHAN | D28: DANISH | E28: - | F28: 0 | G28: 0 | H28: =F28-G28 -> 0 | I28: =H28-J28 -> 0 | J28: 0 | K28: 0 | L28: 0 | M28: ='10-03-2026'!J73 -> 35126 | N28: 0 | O28: 0
C29: SHAN | D29: ASHRAF | E29: Ayoub | F29: 86636 | G29: 4352 | H29: =F29-G29 -> 82284 | I29: =H29-J29 -> 71437 | J29: 10847 | K29: 0 | L29: 0 | M29: ='10-03-2026'!J74 -> 1427733 | N29: 0 | O29: 59287
C30: Total | F30: =SUM(F26:F29) -> 117684 | G30: =SUM(G26:G29) -> 4352 | H30: =SUM(H26:H29) -> 113332 | I30: =SUM(I26:I29) -> 102485 | J30: =SUM(J26:J29) -> 10847 | K30: =SUM(K26:K29) -> 0 | L30: =SUM(L26:L29) -> 0 | M30: =SUM(M26:M29) -> 3108738 | ... O30: =SUM(O26:O29) -> 120598
C31: NET TOTAL | F31: =F30+F25+F22+F19+F17+F11 -> 1294572 | G31: =G30+G25+G22+G19+G17+G11 -> 6324 | H31: =H30+H25+H22+H19+H17+H11 -> 1288248 | I31: =I30+I25+I22+I19+I17+I11 -> 1076626 | J31: =J30+J25+J22+J19+J17+J11 -> 211622 | K31: =K30+K25+K22+K19+K17+K11 -> 0 | L31: =L30+L25+L22+L19+L17+L11 -> 0 | M31: =M30+M25+M22+M19+M17+M11 -> 14234943 | ... O31: =O30+O25+O22+O19+O17+O11 -> 443036
F32: CBL Cash | G32: =O11+L11+J11-K11 -> 336585
F33: CDM Cash | G33: =O17+L17+J17-K17+O19+L19+J19-K19 -> 186628 | I33: Amount | J33: MCB Onlines | K33: Value | M33: Detail
C34: Onlines | F34: Imported Item Cash | G34: =O22+L22+J22-K22 -> 0
F35: TAHORA | G35: =O25+L25+J25-K25 -> 0
F36: Shan Food's Cash | G36: =O30+L30+J30-K30 -> 131445
F37: Total Cash | G37: =SUM(G32:G36) -> 654658
H47: Today Credit Closed
H48: COMPANY | I48: ODERBOOKERS | J48: CREDIT AMOUNT
H49: CBL | I49: Danish | J49: =M5-O5-N5-L5+I5 -> 318526 | K49: 318526 | L49: =J49-K49 -> 0
C50: 45931 | H50: CBL | I50: Danish ws | J50: =M6-O6-N6-L6+I6+G50 -> 3500290 | K50: 3500289 | L50: =J50-K50 -> 1
C51: Cash Flow Statement | H51: CBL | I51: Murtaza | J51: =M7-O7-N7-L7+I7+G51 -> 1693450 | K51: 1696451 | L51: =J51-K51 -> -3001
C52: Opening Cash | D52: ='Opening Balance FEB 2026'!J4 -> 1308640 | H52: CBL | I52: Ali | J52: =M8-O8-N8-L8+I8+G52 -> 1121755 | K52: 1121787 | L52: =J52-K52 -> -32
C53: Today Cash Collection | D53: =G37 -> 654658 | H53: CBL | I53: Kashif | J53: =M9-O9-N9-L9+I9+G53 -> 1306938 | K53: 1306938 | L53: =J53-K53 -> 0
C54: TOTAL | D54: =D52+D53 -> 1963298 | H54: CBL | I54: Anas | J54: =M10-O10-N10-L10+I10+G54 -> 728360 | K54: 728361 | L54: =J54-K54 -> -1
C55: Daily EXPS | D55: 0 | H55: TOTAL | J55: =SUM(J49:J54) -> 8669319 | K55: 8672319 | L55: =J55-K55 -> -3000
C56: Personal | D56: 0
C57: Kamyti | D57: 10000 | H57: COMPANY | I57: ODERBOOKERS | J57: CREDIT AMOUNT
C58: TOTAL EXPS | D58: =SUM(D55:E57) -> 10000 | H58: CDM | I58: Qadeer | J58: =M12-O12-N12-L12+I12 -> 464985 | K58: 464985 | L58: =J58-K58 -> 0
C59: Remaining Cash | D59: =D54-D55-D57-D56 -> 1953298 | H59: CDM | I59: Shahid | J59: =M13-O13-N13-L13+I13 -> 1994370 | K59: 2039370 | L59: =J59-K59 -> -45000
C60: Onlines | H60: CDM | I60: Danish | J60: =M14-O14-N14-L14+I14 -> 482869 | K60: 482869 | L60: =J60-K60 -> 0
C61: CBL | D61: 0 | H61: CDM | I61: Kashif | J61: 8160 | K61: 8160 | L61: =J61-K61 -> 0
C62: CDM & Tang | D62: 0 | H62: POP NOSH | I62: Shahid | J62: =M18-O18-N18-L18+I18 -> 51257 | K62: 51257 | L62: =J62-K62 -> 0
C63: Shan Foods | D63: 0 | H63: TOTAL | J63: =SUM(J58:J62) -> 3001641 | K63: =SUM(K58:K62) -> 3046641 | L63: =J63-K63 -> -45000
C64: POP Nosh | D64: 0 | H64: COMPANY | I64: ODERBOOKERS | J64: CREDIT AMOUNT
C65: Uncle Nadeem | D65: 0 | H65: SHAN FOODs | I65: Khawar | J65: =M26-O26-N26-L26+I26 -> 1441143 | K65: 1386528 | L65: =J65-K65 -> 54615
C66: TOTAL ONLINES | D66: =SUM(D61:D65) -> 0 | H66: SHAN FOODs | I66: Murtaza | J66: =M27-O27-N27-L27+I27 -> 174473 | K66: 174473 | L66: =J66-K66 -> 0
C67: Today Closing Cash | D67: =D59-D66 -> 1953298 | H67: SHAN FOODs | I67: Danish | J67: =M28-O28-N28-L28+I28 -> 35126 | K67: 35126 | L67: =J67-K67 -> 0
D68: 3102990 | H68: SHAN FOODs | I68: Ashraf | J68: =M29-O29-N29-L29+I29+G68 -> 1439883 | K68: 1439883 | L68: =J68-K68 -> 0
D69: =D67-D68 -> -1149692 | H69: SHAN FOODs | I69: Kashif | J69: ='Opening Balance FEB 2026'!F24 -> 66046 | K69: 96296 | L69: =J69-K69 -> -30250
H70: SHAN FOODs | I70: Shahid | J70: ='Opening Balance FEB 2026'!F25 -> 23570 | K70: 23570 | L70: =J70-K70 -> 0
H71: TOTAL | J71: =SUM(J65:J70) -> 3180241 | K71: 3150876 | L71: =J71-K71 -> 29365
H72: COMPANY | I72: ODERBOOKERS | J72: CREDIT AMOUNT
H73: IMPORTED ITEMS | I73: Shahzad Ahmad | J73: =M20-O20-N20-L20+I20-G72 -> 33969 | K73: 33969 | L73: =J73-K73 -> 0
H74: IMPORTED ITEMS | I74: Shahid | J74: 166366 | K74: 166366 | L74: =J74-K74 -> 0
H75: TOTAL | J75: =SUM(J73:J74) -> 200335 | K75: 160846 | L75: =J75-K75 -> 39489
G76: 0 | H76: COMPANY | I76: ODERBOOKERS | J76: CREDIT AMOUNT | K76: 0
H77: MAHEE | I77: Shahzad Ahmad | J77: =M23-O23-N23-L23+I23-G76 -> 89658 | K77: 89658 | L77: =J77-K77 -> 0
H78: MAHEE | I78: Murtaza | J78: =M24-O24-N24-L24+I24 -> 17000 | K78: 67000 | L78: =J78-K78 -> -50000
H79: TOTAL | J79: =SUM(J77:J78) -> 106658 | K79: =SUM(K76:K78) -> 156658 | L79: =J79-K79 -> -50000
H80: COMPANY | I80: ODERBOOKERS | J80: CREDIT AMOUNT | K80: 0
H81: PAKAGES | I81: Rabnawaz | J81: ='Opening Balance FEB 2026'!F36 -> 103541 | K81: 103541 | L81: =J81-K81 -> 0
H82: PAKAGES | I82: Shahid | J82: ='Opening Balance FEB 2026'!F37 -> 6013 | K82: 6013 | L82: =J82-K82 -> 0
H83: TOTAL | J83: 109554 | K83: =SUM(K80:K82) -> 109554 | L83: =J83-K83 -> 0
H84: COMPANY | I84: ODERBOOKERS | J84: CREDIT AMOUNT | K84: 0
H85: QUICE | I85: Shahid | J85: ='Opening Balance FEB 2026'!F40 -> 16440 | K85: 16440 | L85: =J85-K85 -> 0
H86: TOTAL | J86: 16440 | K86: =SUM(K84:K85) -> 16440
H88: Grand Total | J88: =J86+J83+J79+J75+J71+J63+J55 -> 15284188
D90: ORDERBOOKERS PROGRESS
D91: COMPANY | E91: ODERBOOKERS | F91: MTD SALE | G91: MTD RECOVERY | H91: MTD CREDIT
D92: CBL | E92: Danish | F92: =H5 -> 74159 | G92: =O5 -> 0 | H92: =I5 -> 38765
D93: CBL | E93: Danish ws | F93: =H6 -> 0 | G93: =O6 -> 0 | H93: =I6 -> 0
D94: CBL | E94: Murtaza | F94: =H7 -> 210643 | G94: =O7 -> 80558 | H94: =I7 -> 191056
D95: CBL | E95: Ali | F95: =H8 -> 121281 | G95: =O8 -> 41113 | H95: =I8 -> 117349
D96: CBL | E96: Kashif | F96: =H9 -> 101959 | G96: =O9 -> 33455 | H96: =I9 -> 46299
D97: CBL | E97: Anas | F97: =H10+#REF! -> #REF! | G97: =O10 -> 49125 | H97: =I10 -> 94986
D98: TOTAL | F98: =SUM(F92:F97) -> #REF! | G98: =SUM(G92:G97) -> 204251 | H98: =SUM(H92:H97) -> 488455
D99: COMPANY | E99: ODERBOOKERS | F99: MTD SALE | G99: MTD RECOVERY | H99: MTD CREDIT
D100: CDM | E100: Qadeer | F100: =H12 -> 0 | G100: =O12 -> 57097 | H100: =I12 -> 0
D101: CDM | E101: Shahid | F101: =H13 -> 489686 | G101: =O13 -> 61090 | H101: =I13 -> 485686
D102: POP NOSH | E102: Shahid | F102: 0 | G102: 0 | H102: 0
D103: TOTAL | F103: =SUM(F100:F102) -> 489686 | G103: =SUM(G100:G102) -> 118187 | H103: =SUM(H100:H102) -> 485686
D104: COMPANY | E104: ODERBOOKERS | F104: MTD SALE | G104: MTD RECOVERY | H104: MTD CREDIT
D105: SHAN FOODs | E105: Khawar | F105: =#REF! -> #REF! | G105: =#REF! -> #REF! | H105: =#REF! -> #REF!
D106: SHAN FOODs | E106: Murtaza | F106: =H27 -> 0 | G106: =O27 -> 0 | H106: 0
D107: SHAN FOODs | E107: Ashraf | F107: =#REF!+#REF! -> #REF! | G107: =#REF! -> #REF! | H107: =#REF!+#REF! -> #REF!
D108: TOTAL | F108: =SUM(F105:F107) -> #REF! | G108: =SUM(G105:G107) -> #REF! | H108: =SUM(H105:H107) -> #REF!
D109: COMPANY | E109: ODERBOOKERS | F109: MTD SALE | G109: MTD RECOVERY | H109: MTD CREDIT
D110: IMPORTED ITEMS | E110: Shahzad Ahmad | F110: =H20 -> 0 | G110: =O20 -> 0 | H110: =I20 -> 0
D111: TOTAL | F111: =SUM(F110) -> 0 | G111: =SUM(G110) -> 0 | H111: =SUM(H110) -> 0
D112: COMPANY | E112: ODERBOOKERS | F112: MTD SALE | G112: MTD RECOVERY | H112: MTD CREDIT
...

Sheet 12-03-2026
C2: 46093
C3: Daily Cash Flow Statement
C4: Companies | D4: Order Bookers | E4: Suppliers | F4: Today Supply | G4: Return Stock | H4: Posting | I4: Credit Posted | J4: Summary Cash | K4: Claim Cleard By Suppliers | L4: Sabqa Payment By Suppliers | M4: Recovery List | N4: Return Stock/Claim Clear By OB | O4: Total Recovery
C5: CBL | D5: Danish | E5: Awais | F5: 66719 | G5: 0 | H5: =F5-G5 -> 66719 | I5: =H5-J5 -> 62349 | J5: 4370 | K5: 0 | L5: 0 | M5: ='11-03-2026'!J49 -> 318526 | N5: 0 | O5: 0
C6: CBL | D6: Danish ws | E6: Ikram | F6: 0 | G6: 0 | H6: =F6-G6 -> 0 | I6: =H6-J6 -> 0 | J6: 0 | K6: 0 | L6: 0 | M6: ='11-03-2026'!J50 -> 3500290 | N6: 0 | O6: 0
C7: CBL | D7: Murtaza | E7: Saad | F7: 250803 | G7: 0 | H7: =F7-G7 -> 250803 | I7: =H7-J7 -> 241803 | J7: 9000 | K7: 0 | L7: 0 | M7: ='11-03-2026'!J51 -> 1693450 | N7: 0 | O7: 40685
C8: CBL | D8: Ali | E8: Awais | F8: 125333 | G8: 0 | H8: =F8-G8 -> 125333 | I8: =H8-J8 -> 123480 | J8: 1853 | K8: 0 | L8: 0 | M8: ='11-03-2026'!J52 -> 1121755 | N8: 0 | O8: 51819
C9: CBL | D9: Kashif | E9: Aqib | F9: 82006 | G9: 0 | H9: =F9-G9 -> 82006 | I9: =H9-J9 -> 24609 | J9: 57397 | K9: 0 | L9: 0 | M9: ='11-03-2026'!J53 -> 1306938 | N9: 0 | O9: 24320
C10: CBL | D10: Anas | E10: Ayoub | F10: 117190 | G10: 0 | H10: =F10-G10 -> 117190 | I10: =H10-J10 -> 81376 | J10: 35814 | K10: 0 | L10: 1000 | M10: ='11-03-2026'!J54 -> 728360 | N10: 0 | O10: 52049
C11: Total | F11: =SUM(F5:F10) -> 642051 | G11: =SUM(G5:G10) -> 0 | H11: =SUM(H5:H10) -> 642051 | I11: =SUM(I5:I10) -> 533617 | J11: =SUM(J5:J10) -> 108434 | K11: =SUM(K5:K10) -> 0 | L11: =SUM(L5:L10) -> 1000 | M11: =SUM(M5:M10) -> 8669319 | ... O11: =SUM(O5:O10) -> 168873
C12: CDM/TANG | D12: QADEER | E12: Ikram | F12: 87166 | G12: 1126 | H12: =F12-G12 -> 86040 | I12: =H12-J12 -> 30747 | J12: 55293 | K12: 0 | L12: 0 | M12: ='11-03-2026'!J58 -> 464985 | N12: 0 | O12: 26563
C13: CDM/TANG | D13: SHAHID | E13: Ikram | F13: 85621 | G13: 7960 | H13: =F13-G13 -> 77661 | I13: =H13-J13 -> 30614 | J13: 47047 | K13: 0 | L13: 0 | M13: ='11-03-2026'!J59 -> 1994370 | N13: 0 | O13: 379090
C14: CDM/TANG | D14: SHAHID | E14: Counter sale | F14: 2336 | G14: 0 | H14: =F14-G14 -> 2336 | I14: =H14-J14 -> 0 | J14: 2336 | K14: 0 | L14: 0 | M14: 0 | N14: 0 | O14: 0
C15: CDM/TANG | D15: SHAHID | E15: Ashraf | F15: 563 | G15: 0 | H15: =F15-G15 -> 563 | I15: =H15-J15 -> 0 | J15: 563 | K15: 0 | L15: 0 | M15: 0 | N15: 0 | O15: 0
C16: CDM/TANG | D16: SHAHID | E16: Sami | F16: 11467 | G16: 0 | H16: =F16-G16 -> 11467 | I16: =H16-J16 -> 11467 | J16: 0 | K16: 0 | L16: 0 | M16: 0 | N16: 0 | O16: 0
C17: CDM/TANG | D17: DANISH | E17: Aqib | F17: 0 | G17: 0 | H17: =F17-G17 -> 0 | I17: =H17-J17 -> 0 | J17: 0 | K17: 0 | L17: 0 | M17: ='11-03-2026'!J60 -> 482869 | N17: 0 | O17: 0
C18: CDM/TANG | D18: Kashif | E18: Aqib | F18: 0 | G18: 0 | H18: =F18-G18 -> 0 | I18: =H18-J18 -> 0 | J18: 0 | K18: 0 | L18: 0 | M18: ='11-03-2026'!J61 -> 8160 | N18: 0 | O18: 0
C19: CDM/TANG | D19: Murtaza | E19: Aqib | F19: 0 | G19: 0 | H19: =F19-G19 -> 0 | I19: =H19-J19 -> 0 | J19: 0 | K19: 0 | L19: 0 | M19: 0 | N19: 0 | O19: 0
C20: CDM/TANG | F20: =SUM(F12:F19) -> 187153 | G20: =SUM(G12:G19) -> 9086 | H20: =SUM(H12:H18) -> 178067 | I20: =SUM(I12:I18) -> 72828 | J20: =SUM(J12:J19) -> 105239 | K20: =SUM(K12:K18) -> 0 | L20: =SUM(L12:L18) -> 0 | M20: =SUM(M12:M19) -> 2950384 | N20: =SUM(N12:N18) -> 0 | O20: =SUM(O12:O19) -> 405653
C21: POP NOSH | D21: SHAHID | E21: - | F21: 0 | G21: 0 | H21: =F21-G21 -> 0 | I21: =H21-J21 -> 0 | J21: 0 | K21: 0 | L21: 0 | M21: ='11-03-2026'!J62 -> 51257 | N21: 0 | O21: 0
F22: =SUM(F21) -> 0 | G22: =SUM(G21) -> 0 | H22: =SUM(H21) -> 0 | I22: =SUM(I21) -> 0 | J22: =SUM(J21) -> 0 | K22: =SUM(K21) -> 0 | L22: =SUM(L21) -> 0 | M22: =SUM(M21) -> 51257 | ... O22: =SUM(O21) -> 0
C23: Imported Items | D23: SHAHZAD AHMAD | E23: - | F23: 0 | G23: 0 | H23: =F23-G23 -> 0 | I23: =H23-J23 -> 0 | J23: 0 | K23: 0 | L23: 0 | M23: ='11-03-2026'!J73 -> 33969 | N23: 0 | O23: 0
C24: Imported Items | D24: SHAHID | E24: Sami | F24: 0 | G24: 0 | H24: =F24-G24 -> 0 | I24: =H24-J24 -> 0 | J24: 0 | K24: 0 | L24: 0 | M24: ='11-03-2026'!J74 -> 166366 | N24: 0 | O24: 15000
C25: Total | F25: =SUM(F23:F24) -> 0 | G25: =SUM(G23:G24) -> 0 | H25: =SUM(H23:H24) -> 0 | I25: =SUM(I23:I24) -> 0 | J25: =SUM(J23:J24) -> 0 | K25: =SUM(K23:K24) -> 0 | L25: =SUM(L23:L24) -> 0 | M25: =SUM(M23:M24) -> 200335 | ... O25: =SUM(O23:O24) -> 15000
C26: TAHORA | D26: SHAHZAD AHMAD | E26: - | F26: 0 | G26: 0 | H26: =F26-G26 -> 0 | I26: =H26-J26 -> 0 | J26: 0 | K26: 0 | L26: 0 | M26: ='11-03-2026'!J77 -> 89658 | N26: 0 | O26: 0
C27: TAHORA | D27: MURTAZA | E27: - | F27: 0 | G27: 0 | H27: =F27-G27 -> 0 | I27: =H27-J27 -> 0 | J27: 0 | K27: 0 | L27: 0 | M27: ='11-03-2026'!J78 -> 17000 | N27: 0 | O27: 0
C28: Total | F28: =SUM(F26:F27) -> 0 | G28: =SUM(G26:G27) -> 0 | H28: =SUM(H26:H27) -> 0 | I28: =SUM(I26:I27) -> 0 | J28: =SUM(J26:J27) -> 0 | K28: =SUM(K26:K27) -> 0 | L28: =SUM(L26:L27) -> 0 | M28: =SUM(M26:M27) -> 106658 | ... O28: =SUM(O26:O27) -> 0
C29: SHAN | D29: KHAWAR | E29: Aqib | F29: 0 | G29: 0 | H29: =F29-G29 -> 0 | I29: =H29-J29 -> 0 | J29: 0 | K29: 0 | L29: 0 | M29: ='11-03-2026'!J65 -> 1441143 | N29: 0 | O29: 31783
C30: SHAN | D30: MURTAZA | E30: - | F30: 0 | G30: 0 | H30: =F30-G30 -> 0 | I30: =H30-J30 -> 0 | J30: 0 | K30: 0 | L30: 0 | M30: ='11-03-2026'!J66 -> 174473 | N30: 0 | O30: 0
C31: SHAN | D31: DANISH | E31: - | F31: 0 | G31: 0 | H31: =F31-G31 -> 0 | I31: =H31-J31 -> 0 | J31: 0 | K31: 0 | L31: 0 | M31: ='11-03-2026'!J67 -> 35126 | N31: 0 | O31: 0
C32: SHAN | D32: ASHRAF | E32: Ayoub | F32: 59796 | G32: 0 | H32: =F32-G32 -> 59796 | I32: =H32-J32 -> 58962 | J32: 834 | K32: 0 | L32: 0 | M32: ='11-03-2026'!J68 -> 1439883 | N32: 0 | O32: 64843
C33: SHAN | D33: ASHRAF | E33: Ashraf | F33: 952 | G33: 0 | H33: =F33-G33 -> 952 | I33: =H33-J33 -> 0 | J33: 952 | K33: 0 | L33: 0 | M33: 0 | N33: 0 | O33: 0
C34: Total | F34: =SUM(F29:F33) -> 60748 | G34: =SUM(G29:G33) -> 0 | H34: =SUM(H29:H32) -> 59796 | I34: =SUM(I29:I32) -> 58962 | J34: =SUM(J29:J33) -> 1786 | K34: =SUM(K29:K33) -> 0 | L34: =SUM(L29:L33) -> 0 | M34: =SUM(M29:M32) -> 3090625 | N34: =SUM(N29:N33) -> 0 | O34: =SUM(O29:O33) -> 96626
C35: NET TOTAL | F35: =F34+F28+F25+F22+F20+F11 -> 889952 | G35: =G34+G28+G25+G22+G20+G11 -> 9086 | H35: =H34+H28+H25+H22+H20+H11 -> 879914 | I35: =I34+I28+I25+I22+I20+I11 -> 665407 | J35: =J34+J28+J25+J22+J20+J11 -> 215459 | K35: =K34+K28+K25+K22+K20+K11 -> 0 | L35: =L34+L28+L25+L22+L20+L11 -> 1000 | M35: =M34+M28+M25+M22+M20+M11 -> 15068578 | ... O35: =O34+O28+O25+O22+O20+O11 -> 686152
F36: CBL Cash | G36: =O11+L11+J11-K11 -> 278307
F37: CDM Cash | G37: =O20+L20+J20-K20+O22+L22+J22-K22 -> 510892 | I37: Amount | J37: MCB Onlines | K37: Value | M37: Detail
C38: Onlines | F38: Imported Item Cash | G38: =O25+L25+J25-K25 -> 15000
F39: TAHORA | G39: =O28+L28+J28-K28 -> 0
F40: Shan Food's Cash | G40: =O34+L34+J34-K34 -> 98412
F41: Total Cash | G41: =SUM(G36:G40) -> 902611
H51: Today Credit Closed
H52: COMPANY | I52: ODERBOOKERS | J52: CREDIT AMOUNT
H53: CBL | I53: Danish | J53: =M5-O5-N5-L5+I5 -> 380875 | K53: 318526 | L53: =J53-K53 -> 62349
C54: 45931 | H54: CBL | I54: Danish ws | J54: =M6-O6-N6-L6+I6+G54 -> 3500290 | K54: 3500289 | L54: =J54-K54 -> 1
C55: Cash Flow Statement | H55: CBL | I55: Murtaza | J55: =M7-O7-N7-L7+I7+G55 -> 1894568 | K55: 1696451 | L55: =J55-K55 -> 198117
C56: Opening Cash | D56: ='Opening Balance FEB 2026'!J4 -> 1308640 | H56: CBL | I56: Ali | J56: =M8-O8-N8-L8+I8+G56 -> 1193416 | K56: 1121787 | L56: =J56-K56 -> 71629
C57: Today Cash Collection | D57: =G41 -> 902611 | H57: CBL | I57: Kashif | J57: =M9-O9-N9-L9+I9+G57 -> 1307227 | K57: 1306938 | L57: =J57-K57 -> 289
C58: TOTAL | D58: =D56+D57 -> 2211251 | H58: CBL | I58: Anas | J58: =M10-O10-N10-L10+I10+G58 -> 756687 | K58: 728361 | L58: =J58-K58 -> 28326
C59: Daily EXPS | D59: 0 | H59: TOTAL | J59: =SUM(J53:J58) -> 9033063 | K59: 9033063 | L59: =J59-K59 -> 0
C60: Personal | D60: 0
C61: Kamyti | D61: 10000 | H61: COMPANY | I61: ODERBOOKERS | J61: CREDIT AMOUNT
C62: TOTAL EXPS | D62: =SUM(D59:E61) -> 10000 | H62: CDM | I62: Qadeer | J62: =M12-O12-N12-L12+I12 -> 469169 | K62: 469169 | L62: =J62-K62 -> 0
C63: Remaining Cash | D63: =D58-D59-D61-D60 -> 2201251 | H63: CDM | I63: Shahid | J63: =M13-O13-N13-L13+I13+I16 -> 1657361 | K63: 1702361 | L63: =J63-K63 -> -45000
C64: Onlines | H64: CDM | I64: Danish | J64: =M17-O17-N17-L17+I17 -> 482869 | K64: 482869 | L64: =J64-K64 -> 0
C65: CBL | D65: 0 | H65: CDM | I65: Kashif | J65: 8160 | K65: 8160 | L65: =J65-K65 -> 0
C66: CDM & Tang | D66: 0 | H66: POP NOSH | I66: Shahid | J66: =M21-O21-N21-L21+I21 -> 51257 | K66: 51257 | L66: =J66-K66 -> 0
C67: Shan Foods | D67: 0 | H67: TOTAL | J67: =SUM(J62:J66) -> 2668816 | K67: =SUM(K62:K66) -> 2713816 | L67: =J67-K67 -> -45000
C68: POP Nosh | D68: 0 | H68: COMPANY | I68: ODERBOOKERS | J68: CREDIT AMOUNT
C69: Uncle Nadeem | D69: 0 | H69: SHAN FOODs | I69: Khawar | J69: =M29-O29-N29-L29+I29 -> 1409360 | K69: 1409360 | L69: =J69-K69 -> 0
C70: TOTAL ONLINES | D70: =SUM(D65:D69) -> 0 | H70: SHAN FOODs | I70: Murtaza | J70: =M30-O30-N30-L30+I30 -> 174473 | K70: 174473 | L70: =J70-K70 -> 0
C71: Today Closing Cash | D71: =D63-D70 -> 2201251 | H71: SHAN FOODs | I71: Danish | J71: =M31-O31-N31-L31+I31 -> 35126 | K71: 35126 | L71: =J71-K71 -> 0
D72: 3102990 | H72: SHAN FOODs | I72: Ashraf | J72: =M32-O32-N32-L32+I32+G72+I33 -> 1434002 | K72: 1434954 | L72: =J72-K72 -> -952
D73: =D71-D72 -> -901739 | H73: SHAN FOODs | I73: Kashif | J73: ='Opening Balance FEB 2026'!F24 -> 66046 | K73: 66046 | L73: =J73-K73 -> 0
H74: SHAN FOODs | I74: Shahid | J74: ='Opening Balance FEB 2026'!F25 -> 23570 | K74: 23570 | L74: =J74-K74 -> 0
H75: TOTAL | J75: =SUM(J69:J74) -> 3142577 | K75: 3138529 | L75: =J75-K75 -> 4048
H76: COMPANY | I76: ODERBOOKERS | J76: CREDIT AMOUNT
H77: IMPORTED ITEMS | I77: Shahzad Ahmad | J77: =M23-O23-N23-L23+I23-G76 -> 33969 | K77: 33969 | L77: =J77-K77 -> 0
H78: IMPORTED ITEMS | I78: Shahid | J78: =M24-O24-N24-L24+I24 -> 151366 | K78: 151366 | L78: =J78-K78 -> 0
H79: TOTAL | J79: =SUM(J77:J78) -> 185335 | K79: 160846 | L79: =J79-K79 -> 24489
G80: 0 | H80: COMPANY | I80: ODERBOOKERS | J80: CREDIT AMOUNT | K80: 0
H81: MAHEE | I81: Shahzad Ahmad | J81: =M26-O26-N26-L26+I26-G80 -> 89658 | K81: 89658 | L81: =J81-K81 -> 0
H82: MAHEE | I82: Murtaza | J82: =M27-O27-N27-L27+I27 -> 17000 | K82: 67000 | L82: =J82-K82 -> -50000
H83: TOTAL | J83: =SUM(J81:J82) -> 106658 | K83: =SUM(K80:K82) -> 156658 | L83: =J83-K83 -> -50000
H84: COMPANY | I84: ODERBOOKERS | J84: CREDIT AMOUNT | K84: 0
H85: PAKAGES | I85: Rabnawaz | J85: ='Opening Balance FEB 2026'!F36 -> 103541 | K85: 103541 | L85: =J85-K85 -> 0
H86: PAKAGES | I86: Shahid | J86: ='Opening Balance FEB 2026'!F37 -> 6013 | K86: 6013 | L86: =J86-K86 -> 0
H87: TOTAL | J87: 109554 | K87: =SUM(K84:K86) -> 109554 | L87: =J87-K87 -> 0
H88: COMPANY | I88: ODERBOOKERS | J88: CREDIT AMOUNT | K88: 0
H89: QUICE | I89: Shahid | J89: ='Opening Balance FEB 2026'!F40 -> 16440 | K89: 16440 | L89: =J89-K89 -> 0
H90: TOTAL | J90: 16440 | K90: =SUM(K88:K89) -> 16440
H92: Grand Total | J92: =J90+J87+J83+J79+J75+J67+J59 -> 15262443
D94: ORDERBOOKERS PROGRESS
D95: COMPANY | E95: ODERBOOKERS | F95: MTD SALE | G95: MTD RECOVERY | H95: MTD CREDIT
D96: CBL | E96: Danish | F96: =H5 -> 66719 | G96: =O5 -> 0 | H96: =I5 -> 62349
D97: CBL | E97: Danish ws | F97: =H6 -> 0 | G97: =O6 -> 0 | H97: =I6 -> 0
D98: CBL | E98: Murtaza | F98: =H7 -> 250803 | G98: =O7 -> 40685 | H98: =I7 -> 241803
D99: CBL | E99: Ali | F99: =H8 -> 125333 | G99: =O8 -> 51819 | H99: =I8 -> 123480
D100: CBL | E100: Kashif | F100: =H9 -> 82006 | G100: =O9 -> 24320 | H100: =I9 -> 24609
D101: CBL | E101: Anas | F101: =H10+#REF! -> #REF! | G101: =O10 -> 52049 | H101: =I10 -> 81376
D102: TOTAL | F102: =SUM(F96:F101) -> #REF! | G102: =SUM(G96:G101) -> 168873 | H102: =SUM(H96:H101) -> 533617
D103: COMPANY | E103: ODERBOOKERS | F103: MTD SALE | G103: MTD RECOVERY | H103: MTD CREDIT
D104: CDM | E104: Qadeer | F104: =H12 -> 86040 | G104: =O12 -> 26563 | H104: =I12 -> 30747
D105: CDM | E105: Shahid | F105: =H13 -> 77661 | G105: =O13 -> 379090 | H105: =I13 -> 30614
D106: POP NOSH | E106: Shahid | F106: 0 | G106: 0 | H106: 0
D107: TOTAL | F107: =SUM(F104:F106) -> 163701 | G107: =SUM(G104:G106) -> 405653 | H107: =SUM(H104:H106) -> 61361
D108: COMPANY | E108: ODERBOOKERS | F108: MTD SALE | G108: MTD RECOVERY | H108: MTD CREDIT
D109: SHAN FOODs | E109: Khawar | F109: =#REF! -> #REF! | G109: =#REF! -> #REF! | H109: =#REF! -> #REF!
D110: SHAN FOODs | E110: Murtaza | F110: =H30 -> 0 | G110: =O30 -> 0 | H110: 0
D111: SHAN FOODs | E111: Ashraf | F111: =#REF!+#REF! -> #REF! | G111: =#REF! -> #REF! | H111: =#REF!+#REF! -> #REF!
D112: TOTAL | F112: =SUM(F109:F111) -> #REF! | G112: =SUM(G109:G111) -> #REF! | H112: =SUM(H109:H111) -> #REF!
...

Sheet 14-03-2026
C2: 46095
C3: Daily Cash Flow Statement
C4: Companies | D4: Order Bookers | E4: Suppliers | F4: Today Supply | G4: Return Stock | H4: Posting | I4: Credit Posted | J4: Summary Cash | K4: Claim Cleard By Suppliers | L4: Sabqa Payment By Suppliers | M4: Recovery List | N4: Return Stock/Claim Clear By OB | O4: Total Recovery
C5: CBL | D5: Danish | E5: Awais | F5: 0 | G5: 0 | H5: =F5-G5 -> 0 | I5: =H5-J5 -> 0 | J5: 0 | K5: 0 | L5: 0 | M5: ='12-03-2026'!J53 -> 380875 | N5: 0 | O5: 36370
C6: CBL | D6: Danish ws | E6: Saad | F6: 561406 | G6: 0 | H6: =F6-G6 -> 561406 | I6: =H6-J6 -> 561406 | J6: 0 | K6: 0 | L6: 0 | M6: ='12-03-2026'!J54 -> 3500290 | N6: 0 | O6: 902029
C7: CBL | D7: Murtaza | E7: Aqib | F7: 92914 | G7: 0 | H7: =F7-G7 -> 92914 | I7: =H7-J7 -> 12332 | J7: 80582 | K7: 0 | L7: 0 | M7: ='12-03-2026'!J55 -> 1894568 | N7: 0 | O7: 60249
C8: CBL | D8: Ali | E8: Awais | F8: 152750 | G8: 0 | H8: =F8-G8 -> 152750 | I8: =H8-J8 -> 150220 | J8: 2530 | K8: 0 | L8: 0 | M8: ='12-03-2026'!J56 -> 1193416 | N8: 0 | O8: 87172
C9: CBL | D9: Kashif | E9: Aqib | F9: 105921 | G9: 0 | H9: =F9-G9 -> 105921 | I9: =H9-J9 -> 45154 | J9: 60767 | K9: 0 | L9: 0 | M9: ='12-03-2026'!J57 -> 1307227 | N9: 0 | O9: 47961
C10: CBL | D10: Anas | E10: Awais | F10: 91645 | G10: 0 | H10: =F10-G10 -> 91645 | I10: =H10-J10 -> 78675 | J10: 12970 | K10: 0 | L10: 0 | M10: ='12-03-2026'!J58 -> 756687 | N10: 0 | O10: 0
C11: Total | F11: =SUM(F5:F10) -> 1004636 | G11: =SUM(G5:G10) -> 0 | H11: =SUM(H5:H10) -> 1004636 | I11: =SUM(I5:I10) -> 847787 | J11: =SUM(J5:J10) -> 156849 | K11: =SUM(K5:K10) -> 0 | L11: =SUM(L5:L10) -> 0 | M11: =SUM(M5:M10) -> 9033063 | ... O11: =SUM(O5:O10) -> 1133781
C12: CDM/TANG | D12: QADEER | E12: Ikram | F12: 68184 | G12: 863 | H12: =F12-G12 -> 67321 | I12: =H12-J12 -> 13612 | J12: 53709 | K12: 0 | L12: 0 | M12: ='12-03-2026'!J62 -> 469169 | N12: 0 | O12: 40437
C13: CDM/TANG | D13: SHAHID | E13: Ikram | F13: 79165 | G13: 1335 | H13: =F13-G13 -> 77830 | I13: =H13-J13 -> 41488 | J13: 36342 | K13: 0 | L13: 0 | M13: ='12-03-2026'!J63 -> 1657361 | N13: 0 | O13: 59580
C14: CDM/TANG | D14: DANISH | E14: Ikram | F14: 71375 | G14: 1641 | H14: =F14-G14 -> 69734 | I14: =H14-J14 -> 69734 | J14: 0 | K14: 0 | L14: 0 | M14: ='12-03-2026'!J64 -> 482869 | N14: 0 | O14: 0
C15: CDM/TANG | D15: Kashif | E15: Aqib | F15: 76641 | G15: 0 | H15: =F15-G15 -> 76641 | I15: =H15-J15 -> 0 | J15: 76641 | K15: 0 | L15: 0 | M15: ='12-03-2026'!J65 -> 8160 | N15: 0 | O15: 0
C16: CDM/TANG | D16: Murtaza | E16: Aqib | F16: 21749 | G16: 0 | H16: =F16-G16 -> 21749 | I16: =H16-J16 -> 0 | J16: 21749 | K16: 0 | L16: 0 | M16: 0 | N16: 0 | O16: 0
C17: CDM/TANG | F17: =SUM(F12:F16) -> 317114 | G17: =SUM(G12:G16) -> 3839 | H17: =SUM(H12:H15) -> 291526 | I17: =SUM(I12:I15) -> 124834 | J17: =SUM(J12:J16) -> 188441 | K17: =SUM(K12:K15) -> 0 | L17: =SUM(L12:L15) -> 0 | M17: =SUM(M12:M16) -> 2617559 | N17: =SUM(N12:N15) -> 0 | O17: =SUM(O12:O16) -> 100017
C18: POP NOSH | D18: SHAHID | E18: - | F18: 0 | G18: 0 | H18: =F18-G18 -> 0 | I18: =H18-J18 -> 0 | J18: 0 | K18: 0 | L18: 0 | M18: ='12-03-2026'!J66 -> 51257 | N18: 0 | O18: 0
F19: =SUM(F18) -> 0 | G19: =SUM(G18) -> 0 | H19: =SUM(H18) -> 0 | I19: =SUM(I18) -> 0 | J19: =SUM(J18) -> 0 | K19: =SUM(K18) -> 0 | L19: =SUM(L18) -> 0 | M19: =SUM(M18) -> 51257 | ... O19: =SUM(O18) -> 0
C20: Imported Items | D20: SHAHZAD AHMAD | E20: - | F20: 0 | G20: 0 | H20: =F20-G20 -> 0 | I20: =H20-J20 -> 0 | J20: 0 | K20: 0 | L20: 0 | M20: ='12-03-2026'!J77 -> 33969 | N20: 0 | O20: 0
C21: Imported Items | D21: SHAHID | E21: Sami | F21: 0 | G21: 0 | H21: =F21-G21 -> 0 | I21: =H21-J21 -> 0 | J21: 0 | K21: 0 | L21: 0 | M21: ='12-03-2026'!J78 -> 151366 | N21: 0 | O21: 0
C22: Total | F22: =SUM(F20:F21) -> 0 | G22: =SUM(G20:G21) -> 0 | H22: =SUM(H20:H21) -> 0 | I22: =SUM(I20:I21) -> 0 | J22: =SUM(J20:J21) -> 0 | K22: =SUM(K20:K21) -> 0 | L22: =SUM(L20:L21) -> 0 | M22: =SUM(M20:M21) -> 185335 | ... O22: =SUM(O20:O21) -> 0
C23: TAHORA | D23: SHAHZAD AHMAD | E23: - | F23: 0 | G23: 0 | H23: =F23-G23 -> 0 | I23: =H23-J23 -> 0 | J23: 0 | K23: 0 | L23: 0 | M23: ='12-03-2026'!J81 -> 89658 | N23: 0 | O23: 0
C24: TAHORA | D24: MURTAZA | E24: - | F24: 0 | G24: 0 | H24: =F24-G24 -> 0 | I24: =H24-J24 -> 0 | J24: 0 | K24: 0 | L24: 0 | M24: ='12-03-2026'!J82 -> 17000 | N24: 0 | O24: 0
C25: Total | F25: =SUM(F23:F24) -> 0 | G25: =SUM(G23:G24) -> 0 | H25: =SUM(H23:H24) -> 0 | I25: =SUM(I23:I24) -> 0 | J25: =SUM(J23:J24) -> 0 | K25: =SUM(K23:K24) -> 0 | L25: =SUM(L23:L24) -> 0 | M25: =SUM(M23:M24) -> 106658 | ... O25: =SUM(O23:O24) -> 0
C26: SHAN | D26: KHAWAR | E26: Aqib | F26: 130024 | G26: 0 | H26: =F26-G26 -> 130024 | I26: =H26-J26 -> 126932 | J26: 3092 | K26: 0 | L26: 0 | M26: ='12-03-2026'!J69 -> 1409360 | N26: 0 | O26: 84453
C27: SHAN | D27: MURTAZA | E27: - | F27: 0 | G27: 0 | H27: =F27-G27 -> 0 | I27: =H27-J27 -> 0 | J27: 0 | K27: 0 | L27: 0 | M27: ='12-03-2026'!J70 -> 174473 | N27: 0 | O27: 0
C28: SHAN | D28: DANISH | E28: - | F28: 0 | G28: 0 | H28: =F28-G28 -> 0 | I28: =H28-J28 -> 0 | J28: 0 | K28: 0 | L28: 0 | M28: ='12-03-2026'!J71 -> 35126 | N28: 0 | O28: 0
C29: SHAN | D29: ASHRAF | E29: Ayoub | F29: 0 | G29: 0 | H29: =F29-G29 -> 0 | I29: =H29-J29 -> 0 | J29: 0 | K29: 0 | L29: 0 | M29: ='12-03-2026'!J72 -> 1434002 | N29: 0 | O29: 56331
C30: Total | F30: =SUM(F26:F29) -> 130024 | G30: =SUM(G26:G29) -> 0 | H30: =SUM(H26:H29) -> 130024 | I30: =SUM(I26:I29) -> 126932 | J30: =SUM(J26:J29) -> 3092 | K30: =SUM(K26:K29) -> 0 | L30: =SUM(L26:L29) -> 0 | M30: =SUM(M26:M29) -> 3052961 | ... O30: =SUM(O26:O29) -> 140784
C31: NET TOTAL | F31: =F30+F25+F22+F19+F17+F11 -> 1451774 | G31: =G30+G25+G22+G19+G17+G11 -> 3839 | H31: =H30+H25+H22+H19+H17+H11 -> 1426186 | I31: =I30+I25+I22+I19+I17+I11 -> 1099553 | J31: =J30+J25+J22+J19+J17+J11 -> 348382 | K31: =K30+K25+K22+K19+K17+K11 -> 0 | L31: =L30+L25+L22+L19+L17+L11 -> 0 | M31: =M30+M25+M22+M19+M17+M11 -> 15046833 | ... O31: =O30+O25+O22+O19+O17+O11 -> 1374582
F32: CBL Cash | G32: =O11+L11+J11-K11 -> 1290630
F33: CDM Cash | G33: =O17+L17+J17-K17+O19+L19+J19-K19 -> 288458 | I33: Amount | J33: MCB Onlines | K33: Value | M33: Detail
C34: Onlines | F34: Imported Item Cash | G34: =O22+L22+J22-K22 -> 0
F35: TAHORA | G35: =O25+L25+J25-K25 -> 0
F36: Shan Food's Cash | G36: =O30+L30+J30-K30 -> 143876
F37: Total Cash | G37: =SUM(G32:G36) -> 1722964
H47: Today Credit Closed
H48: COMPANY | I48: ODERBOOKERS | J48: CREDIT AMOUNT
H49: CBL | I49: Danish | J49: =M5-O5-N5-L5+I5 -> 344505 | K49: 318526 | L49: =J49-K49 -> 25979
C50: 45931 | H50: CBL | I50: Danish ws | J50: =M6-O6-N6-L6+I6+G50 -> 3159667 | K50: 3500289 | L50: =J50-K50 -> -340622
C51: Cash Flow Statement | H51: CBL | I51: Murtaza | J51: =M7-O7-N7-L7+I7+G51 -> 1846651 | K51: 1696451 | L51: =J51-K51 -> 150200
C52: Opening Cash | D52: ='Opening Balance FEB 2026'!J4 -> 1308640 | H52: CBL | I52: Ali | J52: =M8-O8-N8-L8+I8+G52 -> 1256464 | K52: 1121787 | L52: =J52-K52 -> 134677
C53: Today Cash Collection | D53: =G37 -> 1722964 | H53: CBL | I53: Kashif | J53: =M9-O9-N9-L9+I9+G53 -> 1304420 | K53: 1306938 | L53: =J53-K53 -> -2518
C54: TOTAL | D54: =D52+D53 -> 3031604 | H54: CBL | I54: Anas | J54: =M10-O10-N10-L10+I10+G54 -> 835362 | K54: 728361 | L54: =J54-K54 -> 107001
C55: Daily EXPS | D55: 0 | H55: TOTAL | J55: =SUM(J49:J54) -> 8747069 | K55: 8747069 | L55: =J55-K55 -> 0
C56: Personal | D56: 0
C57: Kamyti | D57: 10000 | H57: COMPANY | I57: ODERBOOKERS | J57: CREDIT AMOUNT
C58: TOTAL EXPS | D58: =SUM(D55:E57) -> 10000 | H58: CDM | I58: Qadeer | J58: =M12-O12-N12-L12+I12 -> 442344 | K58: 442344 | L58: =J58-K58 -> 0
C59: Remaining Cash | D59: =D54-D55-D57-D56 -> 3021604 | H59: CDM | I59: Shahid | J59: =M13-O13-N13-L13+I13 -> 1639269 | K59: 1684269 | L59: =J59-K59 -> -45000
C60: Onlines | H60: CDM | I60: Danish | J60: =M14-O14-N14-L14+I14 -> 552603 | K60: 552603 | L60: =J60-K60 -> 0
C61: CBL | D61: 0 | H61: CDM | I61: Kashif | J61: 8160 | K61: 8160 | L61: =J61-K61 -> 0
C62: CDM & Tang | D62: 0 | H62: POP NOSH | I62: Shahid | J62: =M18-O18-N18-L18+I18 -> 51257 | K62: 51257 | L62: =J62-K62 -> 0
C63: Shan Foods | D63: 0 | H63: TOTAL | J63: =SUM(J58:J62) -> 2693633 | K63: =SUM(K58:K62) -> 2738633 | L63: =J63-K63 -> -45000
C64: POP Nosh | D64: 0 | H64: COMPANY | I64: ODERBOOKERS | J64: CREDIT AMOUNT
C65: Uncle Nadeem | D65: 0 | H65: SHAN FOODs | I65: Khawar | J65: =M26-O26-N26-L26+I26 -> 1451839 | K65: 1409360 | L65: =J65-K65 -> 42479
C66: TOTAL ONLINES | D66: =SUM(D61:D65) -> 0 | H66: SHAN FOODs | I66: Murtaza | J66: =M27-O27-N27-L27+I27 -> 174473 | K66: 174473 | L66: =J66-K66 -> 0
C67: Today Closing Cash | D67: =D59-D66 -> 3021604 | H67: SHAN FOODs | I67: Danish | J67: =M28-O28-N28-L28+I28 -> 35126 | K67: 35126 | L67: =J67-K67 -> 0
D68: 3102990 | H68: SHAN FOODs | I68: Ashraf | J68: =M29-O29-N29-L29+I29+G68 -> 1377671 | K68: 1434954 | L68: =J68-K68 -> -57283
D69: =D67-D68 -> -81386 | H69: SHAN FOODs | I69: Kashif | J69: ='Opening Balance FEB 2026'!F24 -> 66046 | K69: 66046 | L69: =J69-K69 -> 0
H70: SHAN FOODs | I70: Shahid | J70: ='Opening Balance FEB 2026'!F25 -> 23570 | K70: 23570 | L70: =J70-K70 -> 0
H71: TOTAL | J71: =SUM(J65:J70) -> 3128725 | K71: 3123725 | L71: =J71-K71 -> 5000
H72: COMPANY | I72: ODERBOOKERS | J72: CREDIT AMOUNT
H73: IMPORTED ITEMS | I73: Shahzad Ahmad | J73: =M20-O20-N20-L20+I20-G72 -> 33969 | K73: 33969 | L73: =J73-K73 -> 0
H74: IMPORTED ITEMS | I74: Shahid | J74: =M21-O21-N21-L21+I21 -> 151366 | K74: 151366 | L74: =J74-K74 -> 0
H75: TOTAL | J75: =SUM(J73:J74) -> 185335 | K75: 160846 | L75: =J75-K75 -> 24489
G76: 0 | H76: COMPANY | I76: ODERBOOKERS | J76: CREDIT AMOUNT | K76: 0
H77: MAHEE | I77: Shahzad Ahmad | J77: =M23-O23-N23-L23+I23-G76 -> 89658 | K77: 89658 | L77: =J77-K77 -> 0
H78: MAHEE | I78: Murtaza | J78: =M24-O24-N24-L24+I24 -> 17000 | K78: 67000 | L78: =J78-K78 -> -50000
H79: TOTAL | J79: =SUM(J77:J78) -> 106658 | K79: =SUM(K76:K78) -> 156658 | L79: =J79-K79 -> -50000
H80: COMPANY | I80: ODERBOOKERS | J80: CREDIT AMOUNT | K80: 0
H81: PAKAGES | I81: Rabnawaz | J81: ='Opening Balance FEB 2026'!F36 -> 103541 | K81: 103541 | L81: =J81-K81 -> 0
H82: PAKAGES | I82: Shahid | J82: ='Opening Balance FEB 2026'!F37 -> 6013 | K82: 6013 | L82: =J82-K82 -> 0
H83: TOTAL | J83: 109554 | K83: =SUM(K80:K82) -> 109554 | L83: =J83-K83 -> 0
H84: COMPANY | I84: ODERBOOKERS | J84: CREDIT AMOUNT | K84: 0
H85: QUICE | I85: Shahid | J85: ='Opening Balance FEB 2026'!F40 -> 16440 | K85: 16440 | L85: =J85-K85 -> 0
H86: TOTAL | J86: 16440 | K86: =SUM(K84:K85) -> 16440
H88: Grand Total | J88: =J86+J83+J79+J75+J71+J63+J55 -> 14987414
D90: ORDERBOOKERS PROGRESS
D91: COMPANY | E91: ODERBOOKERS | F91: MTD SALE | G91: MTD RECOVERY | H91: MTD CREDIT
D92: CBL | E92: Danish | F92: =H5 -> 0 | G92: =O5 -> 36370 | H92: =I5 -> 0
D93: CBL | E93: Danish ws | F93: =H6 -> 561406 | G93: =O6 -> 902029 | H93: =I6 -> 561406
D94: CBL | E94: Murtaza | F94: =H7 -> 92914 | G94: =O7 -> 60249 | H94: =I7 -> 12332
D95: CBL | E95: Ali | F95: =H8 -> 152750 | G95: =O8 -> 87172 | H95: =I8 -> 150220
D96: CBL | E96: Kashif | F96: =H9 -> 105921 | G96: =O9 -> 47961 | H96: =I9 -> 45154
D97: CBL | E97: Anas | F97: =H10+#REF! -> #REF! | G97: =O10 -> 0 | H97: =I10 -> 78675
D98: TOTAL | F98: =SUM(F92:F97) -> #REF! | G98: =SUM(G92:G97) -> 1133781 | H98: =SUM(H92:H97) -> 847787
D99: COMPANY | E99: ODERBOOKERS | F99: MTD SALE | G99: MTD RECOVERY | H99: MTD CREDIT
D100: CDM | E100: Qadeer | F100: =H12 -> 67321 | G100: =O12 -> 40437 | H100: =I12 -> 13612
D101: CDM | E101: Shahid | F101: =H13 -> 77830 | G101: =O13 -> 59580 | H101: =I13 -> 41488
D102: POP NOSH | E102: Shahid | F102: 0 | G102: 0 | H102: 0
D103: TOTAL | F103: =SUM(F100:F102) -> 145151 | G103: =SUM(G100:G102) -> 100017 | H103: =SUM(H100:H102) -> 55100
D104: COMPANY | E104: ODERBOOKERS | F104: MTD SALE | G104: MTD RECOVERY | H104: MTD CREDIT
D105: SHAN FOODs | E105: Khawar | F105: =#REF! -> #REF! | G105: =#REF! -> #REF! | H105: =#REF! -> #REF!
D106: SHAN FOODs | E106: Murtaza | F106: =H27 -> 0 | G106: =O27 -> 0 | H106: 0
D107: SHAN FOODs | E107: Ashraf | F107: =#REF!+#REF! -> #REF! | G107: =#REF! -> #REF! | H107: =#REF!+#REF! -> #REF!
D108: TOTAL | F108: =SUM(F105:F107) -> #REF! | G108: =SUM(G105:G107) -> #REF! | H108: =SUM(H105:H107) -> #REF!
D109: COMPANY | E109: ODERBOOKERS | F109: MTD SALE | G109: MTD RECOVERY | H109: MTD CREDIT
D110: IMPORTED ITEMS | E110: Shahzad Ahmad | F110: =H20 -> 0 | G110: =O20 -> 0 | H110: =I20 -> 0
D111: TOTAL | F111: =SUM(F110) -> 0 | G111: =SUM(G110) -> 0 | H111: =SUM(H110) -> 0
D112: COMPANY | E112: ODERBOOKERS | F112: MTD SALE | G112: MTD RECOVERY | H112: MTD CREDIT
...

Sheet 15-03-2026
C2: 46096
C3: Daily Cash Flow Statement
C4: Companies | D4: Order Bookers | E4: Suppliers | F4: Today Supply | G4: Return Stock | H4: Posting | I4: Credit Posted | J4: Summary Cash | K4: Claim Cleard By Suppliers | L4: Sabqa Payment By Suppliers | M4: Recovery List | N4: Return Stock/Claim Clear By OB | O4: Total Recovery
C5: CBL | D5: Danish | E5: Awais | F5: 0 | G5: 0 | H5: =F5-G5 -> 0 | I5: =H5-J5 -> 0 | J5: 0 | K5: 0 | L5: 0 | M5: ='14-03-2026'!J49 -> 344505 | N5: 0 | O5: 16495
C6: CBL | D6: Danish ws | E6: Ayoub | F6: 564537 | G6: 0 | H6: =F6-G6 -> 564537 | I6: =H6-J6 -> 564537 | J6: 0 | K6: 0 | L6: 0 | M6: ='14-03-2026'!J50 -> 3159667 | N6: 0 | O6: 0
C7: CBL | D7: Murtaza | E7: Saad | F7: 141885 | G7: 0 | H7: =F7-G7 -> 141885 | I7: =H7-J7 -> 95317 | J7: 46568 | K7: 0 | L7: 0 | M7: ='14-03-2026'!J51 -> 1846651 | N7: 0 | O7: 131027
C8: CBL | D8: Ali | E8: Awais | F8: 126981 | G8: 0 | H8: =F8-G8 -> 126981 | I8: =H8-J8 -> 107042 | J8: 19939 | K8: 0 | L8: 3060 | M8: ='14-03-2026'!J52 -> 1256464 | N8: 0 | O8: 53219
C9: CBL | D9: Kashif | E9: Aqib | F9: 152692 | G9: 0 | H9: =F9-G9 -> 152692 | I9: =H9-J9 -> 119466 | J9: 33226 | K9: 0 | L9: 0 | M9: ='14-03-2026'!J53 -> 1304420 | N9: 0 | O9: 25125
C10: CBL | D10: Anas | E10: Aqib | F10: 147027 | G10: 1573 | H10: =F10-G10 -> 145454 | I10: =H10-J10 -> 0 | J10: 145454 | K10: 4397 | L10: 0 | M10: ='14-03-2026'!J54 -> 835362 | N10: 0 | O10: 72675
C11: Total | F11: =SUM(F5:F10) -> 1133122 | G11: =SUM(G5:G10) -> 1573 | H11: =SUM(H5:H10) -> 1131549 | I11: =SUM(I5:I10) -> 886362 | J11: =SUM(J5:J10) -> 245187 | K11: =SUM(K5:K10) -> 4397 | L11: =SUM(L5:L10) -> 3060 | M11: =SUM(M5:M10) -> 8747069 | ... O11: =SUM(O5:O10) -> 298541
C12: CDM/TANG | D12: QADEER | E12: Ikram | F12: 92177 | G12: 635 | H12: =F12-G12 -> 91542 | I12: =H12-J12 -> 51923 | J12: 39619 | K12: 0 | L12: 0 | M12: ='14-03-2026'!J58 -> 442344 | N12: 0 | O12: 46568
C13: CDM/TANG | D13: SHAHID | E13: Ikram | F13: 311350 | G13: 948 | H13: =F13-G13 -> 310402 | I13: =H13-J13 -> 251590 | J13: 58812 | K13: 0 | L13: 0 | M13: ='14-03-2026'!J59 -> 1639269 | N13: 0 | O13: 14187
C14: CDM/TANG | D14: DANISH | E14: Ikram | F14: 0 | G14: 0 | H14: =F14-G14 -> 0 | I14: =H14-J14 -> 0 | J14: 0 | K14: 0 | L14: 0 | M14: ='14-03-2026'!J60 -> 552603 | N14: 0 | O14: 95138
C15: CDM/TANG | D15: Kashif | E15: Aqib | F15: 24112 | G15: 0 | H15: =F15-G15 -> 24112 | I15: =H15-J15 -> 0 | J15: 24112 | K15: 0 | L15: 0 | M15: ='14-03-2026'!J61 -> 8160 | N15: 0 | O15: 0
C16: CDM/TANG | D16: Murtaza | E16: Aqib | F16: 0 | G16: 0 | H16: =F16-G16 -> 0 | I16: =H16-J16 -> 0 | J16: 0 | K16: 0 | L16: 0 | M16: 0 | N16: 0 | O16: 0
C17: CDM/TANG | F17: =SUM(F12:F16) -> 427639 | G17: =SUM(G12:G16) -> 1583 | H17: =SUM(H12:H15) -> 426056 | I17: =SUM(I12:I15) -> 303513 | J17: =SUM(J12:J16) -> 122543 | K17: =SUM(K12:K15) -> 0 | L17: =SUM(L12:L15) -> 0 | M17: =SUM(M12:M16) -> 2642376 | N17: =SUM(N12:N15) -> 0 | O17: =SUM(O12:O16) -> 155893
C18: POP NOSH | D18: SHAHID | E18: - | F18: 0 | G18: 0 | H18: =F18-G18 -> 0 | I18: =H18-J18 -> 0 | J18: 0 | K18: 0 | L18: 0 | M18: ='14-03-2026'!J62 -> 51257 | N18: 0 | O18: 0
F19: =SUM(F18) -> 0 | G19: =SUM(G18) -> 0 | H19: =SUM(H18) -> 0 | I19: =SUM(I18) -> 0 | J19: =SUM(J18) -> 0 | K19: =SUM(K18) -> 0 | L19: =SUM(L18) -> 0 | M19: =SUM(M18) -> 51257 | ... O19: =SUM(O18) -> 0
C20: Imported Items | D20: SHAHZAD AHMAD | E20: - | F20: 0 | G20: 0 | H20: =F20-G20 -> 0 | I20: =H20-J20 -> 0 | J20: 0 | K20: 0 | L20: 0 | M20: ='14-03-2026'!J73 -> 33969 | N20: 0 | O20: 0
C21: Imported Items | D21: SHAHID | E21: Sami | F21: 0 | G21: 0 | H21: =F21-G21 -> 0 | I21: =H21-J21 -> 0 | J21: 0 | K21: 0 | L21: 0 | M21: ='14-03-2026'!J74 -> 151366 | N21: 0 | O21: 0
C22: Total | F22: =SUM(F20:F21) -> 0 | G22: =SUM(G20:G21) -> 0 | H22: =SUM(H20:H21) -> 0 | I22: =SUM(I20:I21) -> 0 | J22: =SUM(J20:J21) -> 0 | K22: =SUM(K20:K21) -> 0 | L22: =SUM(L20:L21) -> 0 | M22: =SUM(M20:M21) -> 185335 | ... O22: =SUM(O20:O21) -> 0
C23: TAHORA | D23: SHAHZAD AHMAD | E23: - | F23: 0 | G23: 0 | H23: =F23-G23 -> 0 | I23: =H23-J23 -> 0 | J23: 0 | K23: 0 | L23: 0 | M23: ='14-03-2026'!J77 -> 89658 | N23: 0 | O23: 0
C24: TAHORA | D24: MURTAZA | E24: - | F24: 0 | G24: 0 | H24: =F24-G24 -> 0 | I24: =H24-J24 -> 0 | J24: 0 | K24: 0 | L24: 0 | M24: ='14-03-2026'!J78 -> 17000 | N24: 0 | O24: 0
C25: Total | F25: =SUM(F23:F24) -> 0 | G25: =SUM(G23:G24) -> 0 | H25: =SUM(H23:H24) -> 0 | I25: =SUM(I23:I24) -> 0 | J25: =SUM(J23:J24) -> 0 | K25: =SUM(K23:K24) -> 0 | L25: =SUM(L23:L24) -> 0 | M25: =SUM(M23:M24) -> 106658 | ... O25: =SUM(O23:O24) -> 0
C26: SHAN | D26: KHAWAR | E26: Khawar | F26: 155641 | G26: 0 | H26: =F26-G26 -> 155641 | I26: =H26-J26 -> 90559 | J26: 65082 | K26: 0 | L26: 0 | M26: ='14-03-2026'!J65 -> 1451839 | N26: 0 | O26: 40213
C27: SHAN | D27: KHAWAR | E27: Awais | F27: 139394 | G27: 0 | H27: =F27-G27 -> 139394 | I27: =H27-J27 -> 139394 | J27: 0 | K27: 0 | L27: 0 | M27: 0 | N27: 0 | O27: 0
C28: SHAN | D28: MURTAZA | E28: - | F28: 0 | G28: 0 | H28: =F28-G28 -> 0 | I28: =H28-J28 -> 0 | J28: 0 | K28: 0 | L28: 0 | M28: ='14-03-2026'!J66 -> 174473 | N28: 0 | O28: 0
C29: SHAN | D29: DANISH | E29: - | F29: 0 | G29: 0 | H29: =F29-G29 -> 0 | I29: =H29-J29 -> 0 | J29: 0 | K29: 0 | L29: 0 | M29: ='14-03-2026'!J67 -> 35126 | N29: 0 | O29: 0
C30: SHAN | D30: ASHRAF | E30: Sami | F30: 78546 | G30: 0 | H30: =F30-G30 -> 78546 | I30: =H30-J30 -> 78546 | J30: 0 | K30: 0 | L30: 0 | M30: ='14-03-2026'!J68 -> 1377671 | N30: 0 | O30: 65562
C31: Total | F31: =SUM(F26:F30) -> 373581 | G31: =SUM(G26:G30) -> 0 | H31: =SUM(H26:H30) -> 373581 | I31: =SUM(I26:I30) -> 308499 | J31: =SUM(J26:J30) -> 65082 | K31: =SUM(K26:K30) -> 0 | L31: =SUM(L26:L30) -> 0 | M31: =SUM(M26:M30) -> 3039109 | ... O31: =SUM(O26:O30) -> 105775
C32: NET TOTAL | F32: =F31+F25+F22+F19+F17+F11 -> 1934342 | G32: =G31+G25+G22+G19+G17+G11 -> 3156 | H32: =H31+H25+H22+H19+H17+H11 -> 1931186 | I32: =I31+I25+I22+I19+I17+I11 -> 1498374 | J32: =J31+J25+J22+J19+J17+J11 -> 432812 | K32: =K31+K25+K22+K19+K17+K11 -> 4397 | L32: =L31+L25+L22+L19+L17+L11 -> 3060 | M32: =M31+M25+M22+M19+M17+M11 -> 14771804 | ... O32: =O31+O25+O22+O19+O17+O11 -> 560209
F33: CBL Cash | G33: =O11+L11+J11-K11 -> 542391
F34: CDM Cash | G34: =O17+L17+J17-K17+O19+L19+J19-K19 -> 278436 | I34: Amount | J34: MCB Onlines | K34: Value | M34: Detail
C35: Onlines | F35: Imported Item Cash | G35: =O22+L22+J22-K22 -> 0
F36: TAHORA | G36: =O25+L25+J25-K25 -> 0
F37: Shan Food's Cash | G37: =O31+L31+J31-K31 -> 170857
F38: Total Cash | G38: =SUM(G33:G37) -> 991684
H48: Today Credit Closed
H49: COMPANY | I49: ODERBOOKERS | J49: CREDIT AMOUNT
H50: CBL | I50: Danish | J50: =M5-O5-N5-L5+I5 -> 328010 | K50: 328010 | L50: =J50-K50 -> 0
C51: 45931 | H51: CBL | I51: Danish ws | J51: =M6-O6-N6-L6+I6+G51 -> 3724204 | K51: 3724203 | L51: =J51-K51 -> 1
C52: Cash Flow Statement | H52: CBL | I52: Murtaza | J52: =M7-O7-N7-L7+I7+G52 -> 1810941 | K52: 1810942 | L52: =J52-K52 -> -1
C53: Opening Cash | D53: ='Opening Balance FEB 2026'!J4 -> 1308640 | H53: CBL | I53: Ali | J53: =M8-O8-N8-L8+I8+G53 -> 1307227 | K53: 1307259 | L53: =J53-K53 -> -32
C54: Today Cash Collection | D54: =G38 -> 991684 | H54: CBL | I54: Kashif | J54: =M9-O9-N9-L9+I9+G54 -> 1398761 | K54: 1398761 | L54: =J54-K54 -> 0
C55: TOTAL | D55: =D53+D54 -> 2300324 | H55: CBL | I55: Anas | J55: =M10-O10-N10-L10+I10+G55 -> 762687 | K55: 762688 | L55: =J55-K55 -> -1
C56: Daily EXPS | D56: 0 | H56: TOTAL | J56: =SUM(J50:J55) -> 9331830 | K56: 9331830 | L56: =J56-K56 -> 0
C57: Personal | D57: 0
C58: Kamyti | D58: 10000 | H58: COMPANY | I58: ODERBOOKERS | J58: CREDIT AMOUNT
C59: TOTAL EXPS | D59: =SUM(D56:E58) -> 10000 | H59: CDM | I59: Qadeer | J59: =M12-O12-N12-L12+I12 -> 447699 | K59: 447699 | L59: =J59-K59 -> 0
C60: Remaining Cash | D60: =D55-D56-D58-D57 -> 2290324 | H60: CDM | I60: Shahid | J60: =M13-O13-N13-L13+I13 -> 1876672 | K60: 1921672 | L60: =J60-K60 -> -45000
C61: Onlines | H61: CDM | I61: Danish | J61: =M14-O14-N14-L14+I14 -> 457465 | K61: 457465 | L61: =J61-K61 -> 0
C62: CBL | D62: 0 | H62: CDM | I62: Kashif | J62: 8160 | K62: 8160 | L62: =J62-K62 -> 0
C63: CDM & Tang | D63: 0 | H63: POP NOSH | I63: Shahid | J63: =M18-O18-N18-L18+I18 -> 51257 | K63: 51257 | L63: =J63-K63 -> 0
C64: Shan Foods | D64: 0 | H64: TOTAL | J64: =SUM(J59:J63) -> 2841253 | K64: =SUM(K59:K63) -> 2886253 | L64: =J64-K64 -> -45000
C65: POP Nosh | D65: 0 | H65: COMPANY | I65: ODERBOOKERS | J65: CREDIT AMOUNT
C66: Uncle Nadeem | D66: 0 | H66: SHAN FOODs | I66: Khawar | J66: =M26-O26-N26-L26+I26+I27 -> 1641579 | K66: 1641579 | L66: =J66-K66 -> 0
C67: TOTAL ONLINES | D67: =SUM(D62:D66) -> 0 | H67: SHAN FOODs | I67: Murtaza | J67: =M28-O28-N28-L28+I28 -> 174473 | K67: 174473 | L67: =J67-K67 -> 0
C68: Today Closing Cash | D68: =D60-D67 -> 2290324 | H68: SHAN FOODs | I68: Danish | J68: =M29-O29-N29-L29+I29 -> 35126 | K68: 35126 | L68: =J68-K68 -> 0
D69: 3102990 | H69: SHAN FOODs | I69: Ashraf | J69: =M30-O30-N30-L30+I30+G69 -> 1390655 | K69: 1390655 | L69: =J69-K69 -> 0
D70: =D68-D69 -> -812666 | H70: SHAN FOODs | I70: Kashif | J70: ='Opening Balance FEB 2026'!F24 -> 66046 | K70: 66046 | L70: =J70-K70 -> 0
H71: SHAN FOODs | I71: Shahid | J71: ='Opening Balance FEB 2026'!F25 -> 23570 | K71: 23570 | L71: =J71-K71 -> 0
H72: TOTAL | J72: =SUM(J66:J71) -> 3331449 | K72: 3326449 | L72: =J72-K72 -> 5000
H73: COMPANY | I73: ODERBOOKERS | J73: CREDIT AMOUNT
H74: IMPORTED ITEMS | I74: Shahzad Ahmad | J74: =M20-O20-N20-L20+I20-G73 -> 33969 | K74: 33969 | L74: =J74-K74 -> 0
H75: IMPORTED ITEMS | I75: Shahid | J75: =M21-O21-N21-L21+I21 -> 151366 | K75: 151366 | L75: =J75-K75 -> 0
H76: TOTAL | J76: =SUM(J74:J75) -> 185335 | K76: 160846 | L76: =J76-K76 -> 24489
G77: 0 | H77: COMPANY | I77: ODERBOOKERS | J77: CREDIT AMOUNT | K77: 0
H78: MAHEE | I78: Shahzad Ahmad | J78: =M23-O23-N23-L23+I23-G77 -> 89658 | K78: 89658 | L78: =J78-K78 -> 0
H79: MAHEE | I79: Murtaza | J79: =M24-O24-N24-L24+I24 -> 17000 | K79: 67000 | L79: =J79-K79 -> -50000
H80: TOTAL | J80: =SUM(J78:J79) -> 106658 | K80: =SUM(K77:K79) -> 156658 | L80: =J80-K80 -> -50000
H81: COMPANY | I81: ODERBOOKERS | J81: CREDIT AMOUNT | K81: 0
H82: PAKAGES | I82: Rabnawaz | J82: ='Opening Balance FEB 2026'!F36 -> 103541 | K82: 103541 | L82: =J82-K82 -> 0
H83: PAKAGES | I83: Shahid | J83: ='Opening Balance FEB 2026'!F37 -> 6013 | K83: 6013 | L83: =J83-K83 -> 0
H84: TOTAL | J84: 109554 | K84: =SUM(K81:K83) -> 109554 | L84: =J84-K84 -> 0
H85: COMPANY | I85: ODERBOOKERS | J85: CREDIT AMOUNT | K85: 0
H86: QUICE | I86: Shahid | J86: ='Opening Balance FEB 2026'!F40 -> 16440 | K86: 16440 | L86: =J86-K86 -> 0
H87: TOTAL | J87: 16440 | K87: =SUM(K85:K86) -> 16440
H89: Grand Total | J89: =J87+J84+J80+J76+J72+J64+J56 -> 15922519
D91: ORDERBOOKERS PROGRESS
D92: COMPANY | E92: ODERBOOKERS | F92: MTD SALE | G92: MTD RECOVERY | H92: MTD CREDIT
D93: CBL | E93: Danish | F93: =H5 -> 0 | G93: =O5 -> 16495 | H93: =I5 -> 0
D94: CBL | E94: Danish ws | F94: =H6 -> 564537 | G94: =O6 -> 0 | H94: =I6 -> 564537
D95: CBL | E95: Murtaza | F95: =H7 -> 141885 | G95: =O7 -> 131027 | H95: =I7 -> 95317
D96: CBL | E96: Ali | F96: =H8 -> 126981 | G96: =O8 -> 53219 | H96: =I8 -> 107042
D97: CBL | E97: Kashif | F97: =H9 -> 152692 | G97: =O9 -> 25125 | H97: =I9 -> 119466
D98: CBL | E98: Anas | F98: =H10+#REF! -> #REF! | G98: =O10 -> 72675 | H98: =I10 -> 0
D99: TOTAL | F99: =SUM(F93:F98) -> #REF! | G99: =SUM(G93:G98) -> 298541 | H99: =SUM(H93:H98) -> 886362
D100: COMPANY | E100: ODERBOOKERS | F100: MTD SALE | G100: MTD RECOVERY | H100: MTD CREDIT
D101: CDM | E101: Qadeer | F101: =H12 -> 91542 | G101: =O12 -> 46568 | H101: =I12 -> 51923
D102: CDM | E102: Shahid | F102: =H13 -> 310402 | G102: =O13 -> 14187 | H102: =I13 -> 251590
D103: POP NOSH | E103: Shahid | F103: 0 | G103: 0 | H103: 0
D104: TOTAL | F104: =SUM(F101:F103) -> 401944 | G104: =SUM(G101:G103) -> 60755 | H104: =SUM(H101:H103) -> 303513
D105: COMPANY | E105: ODERBOOKERS | F105: MTD SALE | G105: MTD RECOVERY | H105: MTD CREDIT
D106: SHAN FOODs | E106: Khawar | F106: =#REF! -> #REF! | G106: =#REF! -> #REF! | H106: =#REF! -> #REF!
D107: SHAN FOODs | E107: Murtaza | F107: =H28 -> 0 | G107: =O28 -> 0 | H107: 0
D108: SHAN FOODs | E108: Ashraf | F108: =#REF!+#REF! -> #REF! | G108: =#REF! -> #REF! | H108: =#REF!+#REF! -> #REF!
D109: TOTAL | F109: =SUM(F106:F108) -> #REF! | G109: =SUM(G106:G108) -> #REF! | H109: =SUM(H106:H108) -> #REF!
D110: COMPANY | E110: ODERBOOKERS | F110: MTD SALE | G110: MTD RECOVERY | H110: MTD CREDIT
D111: IMPORTED ITEMS | E111: Shahzad Ahmad | F111: =H20 -> 0 | G111: =O20 -> 0 | H111: =I20 -> 0
D112: TOTAL | F112: =SUM(F111) -> 0 | G112: =SUM(G111) -> 0 | H112: =SUM(H111) -> 0
...

Sheet 16-03-2026
C2: 46097
C3: Daily Cash Flow Statement
C4: Companies | D4: Order Bookers | E4: Suppliers | F4: Today Supply | G4: Return Stock | H4: Posting | I4: Credit Posted | J4: Summary Cash | K4: Claim Cleard By Suppliers | L4: Sabqa Payment By Suppliers | M4: Recovery List | N4: Return Stock/Claim Clear By OB | O4: Total Recovery
C5: CBL | D5: Danish | E5: Aqib | F5: 130106 | G5: 5127 | H5: =F5-G5 -> 124979 | I5: =H5-J5 -> 40050 | J5: 84929 | K5: 0 | L5: 0 | M5: ='15-03-2026'!J50 -> 328010 | N5: 0 | O5: 46893
C6: CBL | D6: Danish ws | E6: Ayoub | F6: 0 | G6: 0 | H6: =F6-G6 -> 0 | I6: =H6-J6 -> 0 | J6: 0 | K6: 0 | L6: 0 | M6: ='15-03-2026'!J51 -> 3724204 | N6: 0 | O6: 50000
C7: CBL | D7: Murtaza | E7: Saad | F7: 137207 | G7: 1921 | H7: =F7-G7 -> 135286 | I7: =H7-J7 -> 120710 | J7: 14576 | K7: 0 | L7: 0 | M7: ='15-03-2026'!J52 -> 1810941 | N7: 0 | O7: 45660
C8: CBL | D8: Ali | E8: Ayoub | F8: 136922 | G8: 0 | H8: =F8-G8 -> 136922 | I8: =H8-J8 -> 119300 | J8: 17622 | K8: 0 | L8: 0 | M8: ='15-03-2026'!J53 -> 1307227 | N8: 0 | O8: 59086
C9: CBL | D9: Kashif | E9: Aqib | F9: 58487 | G9: 0 | H9: =F9-G9 -> 58487 | I9: =H9-J9 -> 38378 | J9: 20109 | K9: 0 | L9: 0 | M9: ='15-03-2026'!J54 -> 1398761 | N9: 0 | O9: 54475
C10: CBL | D10: Anas | E10: Ikram | F10: 128838 | G10: 0 | H10: =F10-G10 -> 128838 | I10: =H10-J10 -> 115205 | J10: 13633 | K10: 0 | L10: 3950 | M10: ='15-03-2026'!J55 -> 762687 | N10: 0 | O10: 69243
C11: Total | F11: =SUM(F5:F10) -> 591560 | G11: =SUM(G5:G10) -> 7048 | H11: =SUM(H5:H10) -> 584512 | I11: =SUM(I5:I10) -> 433643 | J11: =SUM(J5:J10) -> 150869 | K11: =SUM(K5:K10) -> 0 | L11: =SUM(L5:L10) -> 3950 | M11: =SUM(M5:M10) -> 9331830 | ... O11: =SUM(O5:O10) -> 325357
C12: CDM/TANG | D12: QADEER | E12: Ikram | F12: 126761 | G12: 657 | H12: =F12-G12 -> 126104 | I12: =H12-J12 -> 84819 | J12: 41285 | K12: 0 | L12: 0 | M12: ='15-03-2026'!J59 -> 447699 | N12: 0 | O12: 68807
C13: CDM/TANG | D13: QADEER | E13: Qadeer | F13: 4963 | G13: 0 | H13: =F13-G13 -> 4963 | I13: =H13-J13 -> 4963 | J13: 0 | K13: 0 | L13: 0 | M13: 0 | N13: 0 | O13: 0
C14: CDM/TANG | D14: SHAHID | E14: Aqib | F14: 50778 | G14: 0 | H14: =F14-G14 -> 50778 | I14: =H14-J14 -> 5522 | J14: 45256 | K14: 0 | L14: 0 | M14: ='15-03-2026'!J60 -> 1876672 | N14: 0 | O14: 112430
C15: CDM/TANG | D15: SHAHID | E15: Ayoub | F15: 13470 | G15: 0 | H15: =F15-G15 -> 13470 | I15: =H15-J15 -> 13470 | J15: 0 | K15: 0 | L15: 0 | M15: 0 | N15: 0 | O15: 0
C16: CDM/TANG | D16: DANISH | E16: Ikram | F16: 0 | G16: 0 | H16: =F16-G16 -> 0 | I16: =H16-J16 -> 0 | J16: 0 | K16: 0 | L16: 0 | M16: ='15-03-2026'!J61 -> 457465 | N16: 0 | O16: 25692
C17: CDM/TANG | D17: Kashif | E17: Aqib | F17: 0 | G17: 0 | H17: =F17-G17 -> 0 | I17: =H17-J17 -> 0 | J17: 0 | K17: 0 | L17: 0 | M17: ='15-03-2026'!J62 -> 8160 | N17: 0 | O17: 0
C18: CDM/TANG | D18: Murtaza | E18: Aqib | F18: 0 | G18: 0 | H18: =F18-G18 -> 0 | I18: =H18-J18 -> 0 | J18: 0 | K18: 0 | L18: 0 | M18: 0 | N18: 0 | O18: 0
C19: CDM/TANG | F19: =SUM(F12:F18) -> 195972 | G19: =SUM(G12:G18) -> 657 | H19: =SUM(H12:H17) -> 195315 | I19: =SUM(I12:I17) -> 108774 | J19: =SUM(J12:J18) -> 86541 | K19: =SUM(K12:K17) -> 0 | L19: =SUM(L12:L17) -> 0 | M19: =SUM(M12:M18) -> 2789996 | N19: =SUM(N12:N17) -> 0 | O19: =SUM(O12:O18) -> 206929
C20: POP NOSH | D20: SHAHID | E20: - | F20: 0 | G20: 0 | H20: =F20-G20 -> 0 | I20: =H20-J20 -> 0 | J20: 0 | K20: 0 | L20: 0 | M20: ='15-03-2026'!J63 -> 51257 | N20: 0 | O20: 0
F21: =SUM(F20) -> 0 | G21: =SUM(G20) -> 0 | H21: =SUM(H20) -> 0 | I21: =SUM(I20) -> 0 | J21: =SUM(J20) -> 0 | K21: =SUM(K20) -> 0 | L21: =SUM(L20) -> 0 | M21: =SUM(M20) -> 51257 | ... O21: =SUM(O20) -> 0
C22: Imported Items | D22: SHAHZAD AHMAD | E22: - | F22: 0 | G22: 0 | H22: =F22-G22 -> 0 | I22: =H22-J22 -> 0 | J22: 0 | K22: 0 | L22: 0 | M22: ='15-03-2026'!J74 -> 33969 | N22: 0 | O22: 0
C23: Imported Items | D23: SHAHID | E23: - | F23: 0 | G23: 0 | H23: =F23-G23 -> 0 | I23: =H23-J23 -> 0 | J23: 0 | K23: 0 | L23: 0 | M23: ='15-03-2026'!J75 -> 151366 | N23: 0 | O23: 0
C24: Total | F24: =SUM(F22:F23) -> 0 | G24: =SUM(G22:G23) -> 0 | H24: =SUM(H22:H23) -> 0 | I24: =SUM(I22:I23) -> 0 | J24: =SUM(J22:J23) -> 0 | K24: =SUM(K22:K23) -> 0 | L24: =SUM(L22:L23) -> 0 | M24: =SUM(M22:M23) -> 185335 | ... O24: =SUM(O22:O23) -> 0
C25: TAHORA | D25: SHAHZAD AHMAD | E25: - | F25: 0 | G25: 0 | H25: =F25-G25 -> 0 | I25: =H25-J25 -> 0 | J25: 0 | K25: 0 | L25: 0 | M25: ='15-03-2026'!J78 -> 89658 | N25: 0 | O25: 0
C26: TAHORA | D26: MURTAZA | E26: - | F26: 0 | G26: 0 | H26: =F26-G26 -> 0 | I26: =H26-J26 -> 0 | J26: 0 | K26: 0 | L26: 0 | M26: ='15-03-2026'!J79 -> 17000 | N26: 0 | O26: 0
C27: Total | F27: =SUM(F25:F26) -> 0 | G27: =SUM(G25:G26) -> 0 | H27: =SUM(H25:H26) -> 0 | I27: =SUM(I25:I26) -> 0 | J27: =SUM(J25:J26) -> 0 | K27: =SUM(K25:K26) -> 0 | L27: =SUM(L25:L26) -> 0 | M27: =SUM(M25:M26) -> 106658 | ... O27: =SUM(O25:O26) -> 0
C28: SHAN | D28: KHAWAR | E28: Aqib | F28: 65742 | G28: 0 | H28: =F28-G28 -> 65742 | I28: =H28-J28 -> 58915 | J28: 6827 | K28: 0 | L28: 0 | M28: ='15-03-2026'!J66 -> 1641579 | N28: 0 | O28: 55063
C29: SHAN | D29: MURTAZA | E29: - | F29: 0 | G29: 0 | H29: =F29-G29 -> 0 | I29: =H29-J29 -> 0 | J29: 0 | K29: 0 | L29: 0 | M29: ='15-03-2026'!J67 -> 174473 | N29: 0 | O29: 0
C30: SHAN | D30: DANISH | E30: - | F30: 0 | G30: 0 | H30: =F30-G30 -> 0 | I30: =H30-J30 -> 0 | J30: 0 | K30: 0 | L30: 0 | M30: ='15-03-2026'!J68 -> 35126 | N30: 0 | O30: 0
C31: SHAN | D31: ASHRAF | E31: Sami | F31: 67109 | G31: 4793 | H31: =F31-G31 -> 62316 | I31: =H31-J31 -> 62316 | J31: 0 | K31: 0 | L31: 0 | M31: 0 | N31: 0 | O31: 0
C32: SHAN | D32: ASHRAF | E32: Sami | F32: 82083 | G32: 2274 | H32: =F32-G32 -> 79809 | I32: =H32-J32 -> 66629 | J32: 13180 | K32: 0 | L32: 0 | M32: ='15-03-2026'!J69 -> 1390655 | N32: 0 | O32: 38179
C33: Total | F33: =SUM(F28:F32) -> 214934 | G33: =SUM(G28:G32) -> 7067 | H33: =SUM(H28:H32) -> 207867 | I33: =SUM(I28:I32) -> 187860 | J33: =SUM(J28:J32) -> 20007 | K33: =SUM(K28:K32) -> 0 | L33: =SUM(L28:L32) -> 0 | M33: =SUM(M28:M32) -> 3241833 | ... O33: =SUM(O28:O32) -> 93242
C34: NET TOTAL | F34: =F33+F27+F24+F21+F19+F11 -> 1002466 | G34: =G33+G27+G24+G21+G19+G11 -> 14772 | H34: =H33+H27+H24+H21+H19+H11 -> 987694 | I34: =I33+I27+I24+I21+I19+I11 -> 730277 | J34: =J33+J27+J24+J21+J19+J11 -> 257417 | K34: =K33+K27+K24+K21+K19+K11 -> 0 | L34: =L33+L27+L24+L21+L19+L11 -> 3950 | M34: =M33+M27+M24+M21+M19+M11 -> 15706909 | ... O34: =O33+O27+O24+O21+O19+O11 -> 625528
F35: CBL Cash | G35: =O11+L11+J11-K11 -> 480176
F36: CDM Cash | G36: =O19+L19+J19-K19+O21+L21+J21-K21 -> 293470 | I36: Amount | J36: MCB Onlines | K36: Value | M36: Detail
C37: Onlines | F37: Imported Item Cash | G37: =O24+L24+J24-K24 -> 0
F38: TAHORA | G38: =O27+L27+J27-K27 -> 0
F39: Shan Food's Cash | G39: =O33+L33+J33-K33 -> 113249
F40: Total Cash | G40: =SUM(G35:G39) -> 886895
H50: Today Credit Closed
H51: COMPANY | I51: ODERBOOKERS | J51: CREDIT AMOUNT
H52: CBL | I52: Danish | J52: =M5-O5-N5-L5+I5 -> 321167 | K52: 321167 | L52: =J52-K52 -> 0
C53: 45931 | H53: CBL | I53: Danish ws | J53: =M6-O6-N6-L6+I6+G53 -> 3674204 | K53: 3674204 | L53: =J53-K53 -> 0
C54: Cash Flow Statement | H54: CBL | I54: Murtaza | J54: =M7-O7-N7-L7+I7+G54 -> 1885991 | K54: 1885991 | L54: =J54-K54 -> 0
C55: Opening Cash | D55: ='Opening Balance FEB 2026'!J4 -> 1308640 | H55: CBL | I55: Ali | J55: =M8-O8-N8-L8+I8+G55 -> 1367441 | K55: 1367441 | L55: =J55-K55 -> 0
C56: Today Cash Collection | D56: =G40 -> 886895 | H56: CBL | I56: Kashif | J56: =M9-O9-N9-L9+I9+G56 -> 1382664 | K56: 1382664 | L56: =J56-K56 -> 0
C57: TOTAL | D57: =D55+D56 -> 2195535 | H57: CBL | I57: Anas | J57: =M10-O10-N10-L10+I10+G57 -> 804699 | K57: 804699 | L57: =J57-K57 -> 0
C58: Daily EXPS | D58: 0 | H58: TOTAL | J58: =SUM(J52:J57) -> 9436166 | K58: =SUM(K52:K57) -> 9436166 | L58: =J58-K58 -> 0
C59: Personal | D59: 0
C60: Kamyti | D60: 10000 | H60: COMPANY | I60: ODERBOOKERS | J60: CREDIT AMOUNT
C61: TOTAL EXPS | D61: =SUM(D58:E60) -> 10000 | H61: CDM | I61: Qadeer | J61: =M12-O12-N12-L12+I12+I13 -> 468674 | K61: 468674 | L61: =J61-K61 -> 0
C62: Remaining Cash | D62: =D57-D58-D60-D59 -> 2185535 | H62: CDM | I62: Shahid | J62: =M14-O14-N14-L14+I14+I15 -> 1783234 | K62: 1828234 | L62: =J62-K62 -> -45000
C63: Onlines | H63: CDM | I63: Danish | J63: =M16-O16-N16-L16+I16 -> 431773 | K63: 431773 | L63: =J63-K63 -> 0
C64: CBL | D64: 0 | H64: CDM | I64: Kashif | J64: 8160 | K64: 8160 | L64: =J64-K64 -> 0
C65: CDM & Tang | D65: 0 | H65: POP NOSH | I65: Shahid | J65: =M20-O20-N20-L20+I20 -> 51257 | K65: 51257 | L65: =J65-K65 -> 0
C66: Shan Foods | D66: 0 | H66: TOTAL | J66: =SUM(J61:J65) -> 2743098 | K66: =SUM(K61:K65) -> 2788098 | L66: =J66-K66 -> -45000
C67: POP Nosh | D67: 0 | H67: COMPANY | I67: ODERBOOKERS | J67: CREDIT AMOUNT
C68: Uncle Nadeem | D68: 0 | H68: SHAN FOODs | I68: Khawar | J68: =M28-O28-N28-L28+I28 -> 1645431 | K68: 1645431 | L68: =J68-K68 -> 0
C69: TOTAL ONLINES | D69: =SUM(D64:D68) -> 0 | H69: SHAN FOODs | I69: Murtaza | J69: =M29-O29-N29-L29+I29 -> 174473 | K69: 174473 | L69: =J69-K69 -> 0
C70: Today Closing Cash | D70: =D62-D69 -> 2185535 | H70: SHAN FOODs | I70: Danish | J70: =M30-O30-N30-L30+I30 -> 35126 | K70: 35126 | L70: =J70-K70 -> 0
D71: 3102990 | H71: SHAN FOODs | I71: Ashraf | J71: =M32-O32-N32-L32+I32+G71+I31 -> 1481421 | K71: 1482967 | L71: =J71-K71 -> -1546
D72: =D70-D71 -> -917455 | H72: SHAN FOODs | I72: Kashif | J72: ='Opening Balance FEB 2026'!F24 -> 66046 | K72: 66046 | L72: =J72-K72 -> 0
H73: SHAN FOODs | I73: Shahid | J73: ='Opening Balance FEB 2026'!F25 -> 23570 | K73: 23570 | L73: =J73-K73 -> 0
H74: TOTAL | J74: =SUM(J68:J73) -> 3426067 | K74: 3422613 | L74: =J74-K74 -> 3454
H75: COMPANY | I75: ODERBOOKERS | J75: CREDIT AMOUNT
H76: IMPORTED ITEMS | I76: Shahzad Ahmad | J76: =M22-O22-N22-L22+I22-G75 -> 33969 | K76: 33969 | L76: =J76-K76 -> 0
H77: IMPORTED ITEMS | I77: Shahid | J77: =M23-O23-N23-L23+I23 -> 151366 | K77: 151366 | L77: =J77-K77 -> 0
H78: TOTAL | J78: =SUM(J76:J77) -> 185335 | K78: 160846 | L78: =J78-K78 -> 24489
G79: 0 | H79: COMPANY | I79: ODERBOOKERS | J79: CREDIT AMOUNT | K79: 0
H80: MAHEE | I80: Shahzad Ahmad | J80: =M25-O25-N25-L25+I25-G79 -> 89658 | K80: 89658 | L80: =J80-K80 -> 0
H81: MAHEE | I81: Murtaza | J81: =M26-O26-N26-L26+I26 -> 17000 | K81: 67000 | L81: =J81-K81 -> -50000
H82: TOTAL | J82: =SUM(J80:J81) -> 106658 | K82: =SUM(K79:K81) -> 156658 | L82: =J82-K82 -> -50000
H83: COMPANY | I83: ODERBOOKERS | J83: CREDIT AMOUNT | K83: 0
H84: PAKAGES | I84: Rabnawaz | J84: ='Opening Balance FEB 2026'!F36 -> 103541 | K84: 103541 | L84: =J84-K84 -> 0
H85: PAKAGES | I85: Shahid | J85: ='Opening Balance FEB 2026'!F37 -> 6013 | K85: 6013 | L85: =J85-K85 -> 0
H86: TOTAL | J86: 109554 | K86: =SUM(K83:K85) -> 109554 | L86: =J86-K86 -> 0
H87: COMPANY | I87: ODERBOOKERS | J87: CREDIT AMOUNT | K87: 0
H88: QUICE | I88: Shahid | J88: ='Opening Balance FEB 2026'!F40 -> 16440 | K88: 16440 | L88: =J88-K88 -> 0
H89: TOTAL | J89: 16440 | K89: =SUM(K87:K88) -> 16440
H91: Grand Total | J91: =J89+J86+J82+J78+J74+J66+J58 -> 16023318
D93: ORDERBOOKERS PROGRESS
D94: COMPANY | E94: ODERBOOKERS | F94: MTD SALE | G94: MTD RECOVERY | H94: MTD CREDIT
D95: CBL | E95: Danish | F95: =H5 -> 124979 | G95: =O5 -> 46893 | H95: =I5 -> 40050
D96: CBL | E96: Danish ws | F96: =H6 -> 0 | G96: =O6 -> 50000 | H96: =I6 -> 0
D97: CBL | E97: Murtaza | F97: =H7 -> 135286 | G97: =O7 -> 45660 | H97: =I7 -> 120710
D98: CBL | E98: Ali | F98: =H8 -> 136922 | G98: =O8 -> 59086 | H98: =I8 -> 119300
D99: CBL | E99: Kashif | F99: =H9 -> 58487 | G99: =O9 -> 54475 | H99: =I9 -> 38378
D100: CBL | E100: Anas | F100: =H10+#REF! -> #REF! | G100: =O10 -> 69243 | H100: =I10 -> 115205
D101: TOTAL | F101: =SUM(F95:F100) -> #REF! | G101: =SUM(G95:G100) -> 325357 | H101: =SUM(H95:H100) -> 433643
D102: COMPANY | E102: ODERBOOKERS | F102: MTD SALE | G102: MTD RECOVERY | H102: MTD CREDIT
D103: CDM | E103: Qadeer | F103: =H12 -> 126104 | G103: =O12 -> 68807 | H103: =I12 -> 84819
D104: CDM | E104: Shahid | F104: =H14 -> 50778 | G104: =O14 -> 112430 | H104: =I14 -> 5522
D105: POP NOSH | E105: Shahid | F105: 0 | G105: 0 | H105: 0
D106: TOTAL | F106: =SUM(F103:F105) -> 176882 | G106: =SUM(G103:G105) -> 181237 | H106: =SUM(H103:H105) -> 90341
D107: COMPANY | E107: ODERBOOKERS | F107: MTD SALE | G107: MTD RECOVERY | H107: MTD CREDIT
D108: SHAN FOODs | E108: Khawar | F108: =#REF! -> #REF! | G108: =#REF! -> #REF! | H108: =#REF! -> #REF!
D109: SHAN FOODs | E109: Murtaza | F109: =H29 -> 0 | G109: =O29 -> 0 | H109: 0
D110: SHAN FOODs | E110: Ashraf | F110: =#REF!+#REF! -> #REF! | G110: =#REF! -> #REF! | H110: =#REF!+#REF! -> #REF!
D111: TOTAL | F111: =SUM(F108:F110) -> #REF! | G111: =SUM(G108:G110) -> #REF! | H111: =SUM(H108:H110) -> #REF!
D112: COMPANY | E112: ODERBOOKERS | F112: MTD SALE | G112: MTD RECOVERY | H112: MTD CREDIT
...

Sheet 17-03-2026
C2: 46098
C3: Daily Cash Flow Statement
C4: Companies | D4: Order Bookers | E4: Suppliers | F4: Today Supply | G4: Return Stock | H4: Posting | I4: Credit Posted | J4: Summary Cash | K4: Claim Cleard By Suppliers | L4: Sabqa Payment By Suppliers | M4: Recovery List | N4: Return Stock/Claim Clear By OB | O4: Total Recovery
C5: CBL | D5: Danish | E5: Aqib | F5: 54897 | G5: 0 | H5: =F5-G5 -> 54897 | I5: =H5-J5 -> 1556 | J5: 53341 | K5: 0 | L5: 0 | M5: ='16-03-2026'!J52 -> 321167 | N5: 0 | O5: 33200
C6: CBL | D6: Danish | E6: Ikram | F6: 117486 | G6: =548+687 -> 1235 | H6: =F6-G6 -> 116251 | I6: =H6-J6 -> 71835 | J6: 44416 | K6: 0 | L6: 0 | M6: 0 | N6: 0 | O6: 0
C7: CBL | D7: Danish ws | E7: Saad | F7: 0 | G7: 0 | H7: =F7-G7 -> 0 | I7: =H7-J7 -> 0 | J7: 0 | K7: 0 | L7: 0 | M7: ='16-03-2026'!J53 -> 3674204 | N7: 0 | O7: 15000
C8: CBL | D8: Murtaza | E8: Aqib | F8: 166130 | G8: 0 | H8: =F8-G8 -> 166130 | I8: =H8-J8 -> 88833 | J8: 77297 | K8: 0 | L8: 0 | M8: ='16-03-2026'!J54 -> 1885991 | N8: 0 | O8: 65899
C9: CBL | D9: Ali | E9: Ayoub | F9: 149583 | G9: 3043 | H9: =F9-G9 -> 146540 | I9: =H9-J9 -> 138520 | J9: 8020 | K9: 0 | L9: 0 | M9: ='16-03-2026'!J55 -> 1367441 | N9: 0 | O9: 92331
C10: CBL | D10: Kashif | E10: Awais | F10: 259344 | G10: 0 | H10: =F10-G10 -> 259344 | I10: =H10-J10 -> 120830 | J10: 138514 | K10: 624 | L10: 1000 | M10: ='16-03-2026'!J56 -> 1382664 | N10: 0 | O10: 41694
C11: CBL | D11: Anas | E11: Saad | F11: 4609 | G11: 0 | H11: =F11-G11 -> 4609 | I11: =H11-J11 -> 0 | J11: 4609 | K11: 0 | L11: 0 | M11: 0 | N11: 0 | O11: 0
C12: CBL | D12: Anas | E12: Saad | F12: 79158 | G12: 4728 | H12: =F12-G12 -> 74430 | I12: =H12-J12 -> 21847 | J12: 52583 | K12: 0 | L12: 0 | M12: ='16-03-2026'!J57 -> 804699 | N12: 0 | O12: 50589
C13: Total | F13: =SUM(F5:F12) -> 831207 | G13: =SUM(G5:G12) -> 9006 | H13: =SUM(H5:H12) -> 822201 | I13: =SUM(I5:I12) -> 443421 | J13: =SUM(J5:J12) -> 378780 | K13: =SUM(K5:K12) -> 624 | L13: =SUM(L5:L12) -> 1000 | M13: =SUM(M5:M12) -> 9436166 | ... O13: =SUM(O5:O12) -> 298713
C14: CDM/TANG | D14: QADEER | E14: Sami | F14: 166042 | G14: 7075 | H14: =F14-G14 -> 158967 | I14: =H14-J14 -> 68692 | J14: 90275 | K14: 0 | L14: 0 | M14: ='16-03-2026'!J61 -> 468674 | N14: 0 | O14: 35289
C15: CDM/TANG | D15: SHAHID | E15: Saad | F15: 70755 | G15: 2814 | H15: =F15-G15 -> 67941 | I15: =H15-J15 -> 4310 | J15: 63631 | K15: 0 | L15: 0 | M15: ='16-03-2026'!J62 -> 1783234 | N15: 0 | O15: 224800
C16: CDM/TANG | D16: SHAHID | E16: Awais | F16: 176696 | G16: 16293 | H16: =F16-G16 -> 160403 | I16: =H16-J16 -> 66645 | J16: 93758 | K16: 578 | L16: 0 | M16: 0 | N16: 0 | O16: 0
C17: CDM/TANG | D17: SHAHID | E17: Aqib | F17: 6105 | G17: 0 | H17: =F17-G17 -> 6105 | I17: =H17-J17 -> 0 | J17: 6105 | K17: 0 | L17: 0 | M17: 0 | N17: 0 | O17: 0
C18: CDM/TANG | D18: SHAHID | E18: Ikram | F18: 113613 | G18: 1297 | H18: =F18-G18 -> 112316 | I18: =H18-J18 -> 9360 | J18: 102956 | K18: 0 | L18: 0 | M18: 0 | N18: 0 | O18: 0
C19: CDM/TANG | D19: DANISH | E19: Danish | F19: 27442 | G19: 0 | H19: =F19-G19 -> 27442 | I19: =H19-J19 -> 27442 | J19: 0 | K19: 0 | L19: 0 | M19: ='16-03-2026'!J63 -> 431773 | N19: 0 | O19: 80000
C20: CDM/TANG | D20: Kashif | E20: Aqib | F20: 0 | G20: 0 | H20: =F20-G20 -> 0 | I20: =H20-J20 -> 0 | J20: 0 | K20: 0 | L20: 0 | M20: ='16-03-2026'!J64 -> 8160 | N20: 0 | O20: 0
C21: CDM/TANG | D21: Murtaza | E21: Aqib | F21: 0 | G21: 0 | H21: =F21-G21 -> 0 | I21: =H21-J21 -> 0 | J21: 0 | K21: 0 | L21: 0 | M21: 0 | N21: 0 | O21: 0
C22: CDM/TANG | F22: =SUM(F14:F21) -> 560653 | G22: =SUM(G14:G21) -> 27479 | H22: =SUM(H14:H20) -> 533174 | I22: =SUM(I14:I20) -> 176449 | J22: =SUM(J14:J21) -> 356725 | K22: =SUM(K14:K20) -> 578 | L22: =SUM(L14:L20) -> 0 | M22: =SUM(M14:M21) -> 2691841 | N22: =SUM(N14:N20) -> 0 | O22: =SUM(O14:O21) -> 340089
C23: POP NOSH | D23: SHAHID | E23: - | F23: 0 | G23: 0 | H23: =F23-G23 -> 0 | I23: =H23-J23 -> 0 | J23: 0 | K23: 0 | L23: 0 | M23: ='16-03-2026'!J65 -> 51257 | N23: 0 | O23: 0
F24: =SUM(F23) -> 0 | G24: =SUM(G23) -> 0 | H24: =SUM(H23) -> 0 | I24: =SUM(I23) -> 0 | J24: =SUM(J23) -> 0 | K24: =SUM(K23) -> 0 | L24: =SUM(L23) -> 0 | M24: =SUM(M23) -> 51257 | ... O24: =SUM(O23) -> 0
C25: Imported Items | D25: SHAHZAD AHMAD | E25: - | F25: 0 | G25: 0 | H25: =F25-G25 -> 0 | I25: =H25-J25 -> 0 | J25: 0 | K25: 0 | L25: 0 | M25: ='16-03-2026'!J76 -> 33969 | N25: 0 | O25: 0
C26: Imported Items | D26: SHAHID | E26: - | F26: 0 | G26: 0 | H26: =F26-G26 -> 0 | I26: =H26-J26 -> 0 | J26: 0 | K26: 0 | L26: 0 | M26: ='16-03-2026'!J77 -> 151366 | N26: 0 | O26: 0
C27: Total | F27: =SUM(F25:F26) -> 0 | G27: =SUM(G25:G26) -> 0 | H27: =SUM(H25:H26) -> 0 | I27: =SUM(I25:I26) -> 0 | J27: =SUM(J25:J26) -> 0 | K27: =SUM(K25:K26) -> 0 | L27: =SUM(L25:L26) -> 0 | M27: =SUM(M25:M26) -> 185335 | ... O27: =SUM(O25:O26) -> 0
C28: TAHORA | D28: SHAHZAD AHMAD | E28: - | F28: 0 | G28: 0 | H28: =F28-G28 -> 0 | I28: =H28-J28 -> 0 | J28: 0 | K28: 0 | L28: 0 | M28: ='16-03-2026'!J80 -> 89658 | N28: 0 | O28: 0
C29: TAHORA | D29: MURTAZA | E29: - | F29: 0 | G29: 0 | H29: =F29-G29 -> 0 | I29: =H29-J29 -> 0 | J29: 0 | K29: 0 | L29: 0 | M29: ='16-03-2026'!J81 -> 17000 | N29: 0 | O29: 0
C30: Total | F30: =SUM(F28:F29) -> 0 | G30: =SUM(G28:G29) -> 0 | H30: =SUM(H28:H29) -> 0 | I30: =SUM(I28:I29) -> 0 | J30: =SUM(J28:J29) -> 0 | K30: =SUM(K28:K29) -> 0 | L30: =SUM(L28:L29) -> 0 | M30: =SUM(M28:M29) -> 106658 | ... O30: =SUM(O28:O29) -> 0
C31: SHAN | D31: KHAWAR | E31: Saad | F31: 28071 | G31: 0 | H31: =F31-G31 -> 28071 | I31: =H31-J31 -> 26307 | J31: 1764 | K31: 0 | L31: 0 | M31: ='16-03-2026'!J68 -> 1645431 | N31: 0 | O31: 20868
C32: SHAN | D32: KHAWAR | E32: Aqib | F32: 27830 | G32: 0 | H32: =F32-G32 -> 27830 | I32: =H32-J32 -> 24273 | J32: 3557 | K32: 0 | L32: 0 | M32: 0 | N32: 0 | O32: 0
C33: SHAN | D33: KHAWAR | E33: Ikram | F33: 53462 | G33: 0 | H33: =F33-G33 -> 53462 | I33: =H33-J33 -> 44462 | J33: 9000 | K33: 0 | L33: 0 | M33: 0 | N33: 0 | O33: 0
C34: SHAN | D34: MURTAZA | E34: - | F34: 0 | G34: 0 | H34: =F34-G34 -> 0 | I34: =H34-J34 -> 0 | J34: 0 | K34: 0 | L34: 0 | M34: ='16-03-2026'!J69 -> 174473 | N34: 0 | O34: 0
C35: SHAN | D35: DANISH | E35: - | F35: 0 | G35: 0 | H35: =F35-G35 -> 0 | I35: =H35-J35 -> 0 | J35: 0 | K35: 0 | L35: 0 | M35: ='16-03-2026'!J70 -> 35126 | N35: 0 | O35: 0
C36: SHAN | D36: ASHRAF | E36: Ayoub | F36: 36769 | G36: 256 | H36: =F36-G36 -> 36513 | I36: =H36-J36 -> 35131 | J36: 1382 | K36: 0 | L36: 400 | M36: ='16-03-2026'!J71 -> 1481421 | N36: 0 | O36: 70250
C37: SHAN | D37: ASHRAF | E37: Counter Sale | F37: 25865 | G37: 0 | H37: =F37-G37 -> 25865 | I37: =H37-J37 -> 25865 | J37: 0 | K37: 0 | L37: 0 | M37: 0 | N37: 0 | O37: 0 | P37: 0
C38: SHAN | D38: ASHRAF | E38: Ashraf | F38: 2947 | G38: 0 | H38: =F38-G38 -> 2947 | I38: =H38-J38 -> 2947 | J38: 0 | K38: 0 | L38: 0 | M38: 0 | N38: 0 | O38: 0
C39: Total | F39: =SUM(F31:F38) -> 174944 | G39: =SUM(G31:G38) -> 256 | H39: =SUM(H31:H38) -> 174688 | I39: =SUM(I31:I38) -> 158985 | J39: =SUM(J31:J38) -> 15703 | K39: =SUM(K31:K38) -> 0 | L39: =SUM(L31:L38) -> 400 | M39: =SUM(M31:M38) -> 3336451 | ... O39: =SUM(O31:O38) -> 91118
C40: NET TOTAL | F40: =F39+F30+F27+F24+F22+F13 -> 1566804 | G40: =G39+G30+G27+G24+G22+G13 -> 36741 | H40: =H39+H30+H27+H24+H22+H13 -> 1530063 | I40: =I39+I30+I27+I24+I22+I13 -> 778855 | J40: =J39+J30+J27+J24+J22+J13 -> 751208 | K40: =K39+K30+K27+K24+K22+K13 -> 1202 | L40: =L39+L30+L27+L24+L22+L13 -> 1400 | M40: =M39+M30+M27+M24+M22+M13 -> 15807708 | ... O40: =O39+O30+O27+O24+O22+O13 -> 729920
F41: CBL Cash | G41: =O13+L13+J13-K13 -> 677869
F42: CDM Cash | G42: =O22+L22+J22-K22+O24+L24+J24-K24 -> 696236 | I42: Amount | J42: MCB Onlines | K42: Value | M42: Detail
C43: Onlines | F43: Imported Item Cash | G43: =O27+L27+J27-K27 -> 0
F44: TAHORA | G44: =O30+L30+J30-K30 -> 0
F45: Shan Food's Cash | G45: =O39+L39+J39-K39 -> 107221
F46: Total Cash | G46: =SUM(G41:G45) -> 1481326
H56: Today Credit Closed
H57: COMPANY | I57: ODERBOOKERS | J57: CREDIT AMOUNT
H58: CBL | I58: Danish | J58: =M5-O5-N5-L5+I5+I6 -> 361358 | K58: 321167 | L58: =J58-K58 -> 40191
C59: 45931 | H59: CBL | I59: Danish ws | J59: =M7-O7-N7-L7+I7+G59 -> 3659204 | K59: 3674204 | L59: =J59-K59 -> -15000
C60: Cash Flow Statement | H60: CBL | I60: Murtaza | J60: =M8-O8-N8-L8+I8+G60 -> 1908925 | K60: 1885991 | L60: =J60-K60 -> 22934
C61: Opening Cash | D61: ='Opening Balance FEB 2026'!J4 -> 1308640 | H61: CBL | I61: Ali | J61: =M9-O9-N9-L9+I9+G61 -> 1413630 | K61: 1367441 | L61: =J61-K61 -> 46189
C62: Today Cash Collection | D62: =G46 -> 1481326 | H62: CBL | I62: Kashif | J62: =M10-O10-N10-L10+I10+G62 -> 1460800 | K62: 1382664 | L62: =J62-K62 -> 78136
C63: TOTAL | D63: =D61+D62 -> 2789966 | H63: CBL | I63: Anas | J63: =M12-O12-N12-L12+I12+G63 -> 775957 | K63: 804699 | L63: =J63-K63 -> -28742
C64: Daily EXPS | D64: 0 | H64: TOTAL | J64: =SUM(J58:J63) -> 9579874 | K64: 9579874 | L64: =J64-K64 -> 0
C65: Personal | D65: 0
C66: Kamyti | D66: 10000 | H66: COMPANY | I66: ODERBOOKERS | J66: CREDIT AMOUNT
C67: TOTAL EXPS | D67: =SUM(D64:E66) -> 10000 | H67: CDM | I67: Qadeer | J67: =M14-O14-N14-L14+I14 -> 502077 | K67: 468674 | L67: =J67-K67 -> 33403
C68: Remaining Cash | D68: =D63-D64-D66-D65 -> 2779966 | H68: CDM | I68: Shahid | J68: =M15-O15-N15-L15+I15+I16+I18 -> 1638749 | K68: 1828234 | L68: =J68-K68 -> -189485
C69: Onlines | H69: CDM | I69: Danish | J69: =M19-O19-N19-L19+I19 -> 379215 | K69: 431773 | L69: =J69-K69 -> -52558
C70: CBL | D70: 0 | H70: CDM | I70: Kashif | J70: 8160 | K70: 8160 | L70: =J70-K70 -> 0
C71: CDM & Tang | D71: 0 | H71: POP NOSH | I71: Shahid | J71: =M23-O23-N23-L23+I23 -> 51257 | K71: 51257 | L71: =J71-K71 -> 0
C72: Shan Foods | D72: 0 | H72: TOTAL | J72: =SUM(J67:J71) -> 2579458 | K72: =SUM(K67:K71) -> 2788098 | L72: =J72-K72 -> -208640
C73: POP Nosh | D73: 0 | H73: COMPANY | I73: ODERBOOKERS | J73: CREDIT AMOUNT
C74: Uncle Nadeem | D74: 0 | H74: SHAN FOODs | I74: Khawar | J74: =M31-O31-N31-L31+I31+I32+I33 -> 1719605 | K74: 1719605 | L74: =J74-K74 -> 0
C75: TOTAL ONLINES | D75: =SUM(D70:D74) -> 0 | H75: SHAN FOODs | I75: Murtaza | J75: =M34-O34-N34-L34+I34 -> 174473 | K75: 174473 | L75: =J75-K75 -> 0
C76: Today Closing Cash | D76: =D68-D75 -> 2779966 | H76: SHAN FOODs | I76: Danish | J76: =M35-O35-N35-L35+I35 -> 35126 | K76: 35126 | L76: =J76-K76 -> 0
D77: 3102990 | H77: SHAN FOODs | I77: Ashraf | J77: =M36-O36-N36-L36+I36+I37+I38 -> 1474714 | K77: 1474714 | L77: =J77-K77 -> 0
D78: =D76-D77 -> -323024 | H78: SHAN FOODs | I78: Kashif | J78: ='Opening Balance FEB 2026'!F24 -> 66046 | K78: 66046 | L78: =J78-K78 -> 0
H79: SHAN FOODs | I79: Shahid | J79: ='Opening Balance FEB 2026'!F25 -> 23570 | K79: 23570 | L79: =J79-K79 -> 0
H80: TOTAL | J80: =SUM(J74:J79) -> 3493534 | K80: 3488534 | L80: =J80-K80 -> 5000
H81: COMPANY | I81: ODERBOOKERS | J81: CREDIT AMOUNT
H82: IMPORTED ITEMS | I82: Shahzad Ahmad | J82: =M25-O25-N25-L25+I25-G81 -> 33969 | K82: 33969 | L82: =J82-K82 -> 0
H83: IMPORTED ITEMS | I83: Shahid | J83: =M26-O26-N26-L26+I26 -> 151366 | K83: 151366 | L83: =J83-K83 -> 0
H84: TOTAL | J84: =SUM(J82:J83) -> 185335 | K84: 160846 | L84: =J84-K84 -> 24489
G85: 0 | H85: COMPANY | I85: ODERBOOKERS | J85: CREDIT AMOUNT | K85: 0
H86: MAHEE | I86: Shahzad Ahmad | J86: =M28-O28-N28-L28+I28-G85 -> 89658 | K86: 89658 | L86: =J86-K86 -> 0
H87: MAHEE | I87: Murtaza | J87: =M29-O29-N29-L29+I29 -> 17000 | K87: 67000 | L87: =J87-K87 -> -50000
H88: TOTAL | J88: =SUM(J86:J87) -> 106658 | K88: =SUM(K85:K87) -> 156658 | L88: =J88-K88 -> -50000
H89: COMPANY | I89: ODERBOOKERS | J89: CREDIT AMOUNT | K89: 0
H90: PAKAGES | I90: Rabnawaz | J90: ='Opening Balance FEB 2026'!F36 -> 103541 | K90: 103541 | L90: =J90-K90 -> 0
H91: PAKAGES | I91: Shahid | J91: ='Opening Balance FEB 2026'!F37 -> 6013 | K91: 6013 | L91: =J91-K91 -> 0
H92: TOTAL | J92: 109554 | K92: =SUM(K89:K91) -> 109554 | L92: =J92-K92 -> 0
H93: COMPANY | I93: ODERBOOKERS | J93: CREDIT AMOUNT | K93: 0
H94: QUICE | I94: Shahid | J94: ='Opening Balance FEB 2026'!F40 -> 16440 | K94: 16440 | L94: =J94-K94 -> 0
H95: TOTAL | J95: 16440 | K95: =SUM(K93:K94) -> 16440
H97: Grand Total | J97: =J95+J92+J88+J84+J80+J72+J64 -> 16070853
D99: ORDERBOOKERS PROGRESS
D100: COMPANY | E100: ODERBOOKERS | F100: MTD SALE | G100: MTD RECOVERY | H100: MTD CREDIT
D101: CBL | E101: Danish | F101: =H5 -> 54897 | G101: =O5 -> 33200 | H101: =I5 -> 1556
D102: CBL | E102: Danish ws | F102: =H7 -> 0 | G102: =O7 -> 15000 | H102: =I7 -> 0
D103: CBL | E103: Murtaza | F103: =H8 -> 166130 | G103: =O8 -> 65899 | H103: =I8 -> 88833
D104: CBL | E104: Ali | F104: =H9 -> 146540 | G104: =O9 -> 92331 | H104: =I9 -> 138520
D105: CBL | E105: Kashif | F105: =H10 -> 259344 | G105: =O10 -> 41694 | H105: =I10 -> 120830
D106: CBL | E106: Anas | F106: =H12+#REF! -> #REF! | G106: =O12 -> 50589 | H106: =I12 -> 21847
D107: TOTAL | F107: =SUM(F101:F106) -> #REF! | G107: =SUM(G101:G106) -> 298713 | H107: =SUM(H101:H106) -> 371586
D108: COMPANY | E108: ODERBOOKERS | F108: MTD SALE | G108: MTD RECOVERY | H108: MTD CREDIT
D109: CDM | E109: Qadeer | F109: =H14 -> 158967 | G109: =O14 -> 35289 | H109: =I14 -> 68692
D110: CDM | E110: Shahid | F110: =H15 -> 67941 | G110: =O15 -> 224800 | H110: =I15 -> 4310
D111: POP NOSH | E111: Shahid | F111: 0 | G111: 0 | H111: 0
D112: TOTAL | F112: =SUM(F109:F111) -> 226908 | G112: =SUM(G109:G111) -> 260089 | H112: =SUM(H109:H111) -> 73002
...

Sheet 18-03-2026
C2: 46099
C3: Daily Cash Flow Statement
C4: Companies | D4: Order Bookers | E4: Suppliers | F4: Today Supply | G4: Return Stock | H4: Posting | I4: Credit Posted | J4: Summary Cash | K4: Claim Cleard By Suppliers | L4: Sabqa Payment By Suppliers | M4: Recovery List | N4: Return Stock/Claim Clear By OB | O4: Total Recovery
C5: CBL | D5: Danish | E5: Aqib | F5: =115861-F6 -> 75922 | G5: 0 | H5: =F5-G5 -> 75922 | I5: =H5-J5 -> 22286 | J5: 53636 | K5: 0 | L5: 0 | M5: ='17-03-2026'!J58 -> 361358 | N5: 0 | O5: 0
C6: CBL | D6: Danish ws | E6: Saad | F6: 39939 | G6: 0 | H6: =F6-G6 -> 39939 | I6: =H6-J6 -> 39939 | J6: 0 | K6: 0 | L6: 0 | M6: ='17-03-2026'!J59 -> 3659204 | N6: 0 | O6: 0
C7: CBL | D7: Murtaza | E7: Awais | F7: 149728 | G7: 1556 | H7: =F7-G7 -> 148172 | I7: =H7-J7 -> 136987 | J7: 11185 | K7: 0 | L7: 0 | M7: ='17-03-2026'!J60 -> 1908925 | N7: 0 | O7: 80697
C8: CBL | D8: Ali | E8: Ayoub | F8: 78053 | G8: 0 | H8: =F8-G8 -> 78053 | I8: =H8-J8 -> 63830 | J8: 14223 | K8: 0 | L8: 0 | M8: ='17-03-2026'!J61 -> 1413630 | N8: 0 | O8: 59998
C9: CBL | D9: Kashif | E9: Aqib | F9: 163837 | G9: 2021 | H9: =F9-G9 -> 161816 | I9: =H9-J9 -> 63522 | J9: 98294 | K9: 0 | L9: 0 | M9: ='17-03-2026'!J62 -> 1460800 | N9: 0 | O9: 21234
C10: CBL | D10: Anas | E10: Ayoub | F10: 74633 | G10: 2172 | H10: =F10-G10 -> 72461 | I10: =H10-J10 -> 41426 | J10: 31035 | K10: 0 | L10: 0 | M10: ='17-03-2026'!J63 -> 775957 | N10: 0 | O10: 58511
C11: Total | F11: =SUM(F5:F10) -> 582112 | G11: =SUM(G5:G10) -> 5749 | H11: =SUM(H5:H10) -> 576363 | I11: =SUM(I5:I10) -> 367990 | J11: =SUM(J5:J10) -> 208373 | K11: =SUM(K5:K10) -> 0 | L11: =SUM(L5:L10) -> 0 | M11: =SUM(M5:M10) -> 9579874 | ... O11: =SUM(O5:O10) -> 220440
C12: CDM/TANG | D12: QADEER | E12: Sami | F12: 158062 | G12: 13305 | H12: =F12-G12 -> 144757 | I12: =H12-J12 -> 54045 | J12: 90712 | K12: 0 | L12: 0 | M12: ='17-03-2026'!J67 -> 502077 | N12: 0 | O12: 73648
C13: CDM/TANG | D13: SHAHID | E13: Ikram | F13: 788283 | G13: 0 | H13: =F13-G13 -> 788283 | I13: =H13-J13 -> 779830 | J13: 8453 | K13: 0 | L13: 0 | M13: ='17-03-2026'!J68 -> 1638749 | N13: 0 | O13: 100070
C14: CDM/TANG | D14: DANISH | E14: Danish | F14: 0 | G14: 0 | H14: =F14-G14 -> 0 | I14: =H14-J14 -> 0 | J14: 0 | K14: 0 | L14: 0 | M14: ='17-03-2026'!J69 -> 379215 | N14: 0 | O14: 0
C15: CDM/TANG | D15: Kashif | E15: Aqib | F15: 24934 | G15: 0 | H15: =F15-G15 -> 24934 | I15: =H15-J15 -> 0 | J15: 24934 | K15: 0 | L15: 0 | M15: ='17-03-2026'!J70 -> 8160 | N15: 0 | O15: 8160
C16: CDM/TANG | D16: Murtaza | E16: Aqib | F16: 0 | G16: 0 | H16: =F16-G16 -> 0 | I16: =H16-J16 -> 0 | J16: 0 | K16: 0 | L16: 0 | M16: 0 | N16: 0 | O16: 0
C17: CDM/TANG | F17: =SUM(F12:F16) -> 971279 | G17: =SUM(G12:G16) -> 13305 | H17: =SUM(H12:H15) -> 957974 | I17: =SUM(I12:I15) -> 833875 | J17: =SUM(J12:J16) -> 124099 | K17: =SUM(K12:K15) -> 0 | L17: =SUM(L12:L15) -> 0 | M17: =SUM(M12:M16) -> 2528201 | N17: =SUM(N12:N15) -> 0 | O17: =SUM(O12:O16) -> 181878
C18: POP NOSH | D18: SHAHID | E18: - | F18: 0 | G18: 0 | H18: =F18-G18 -> 0 | I18: =H18-J18 -> 0 | J18: 0 | K18: 0 | L18: 0 | M18: ='17-03-2026'!J71 -> 51257 | N18: 0 | O18: 0
F19: =SUM(F18) -> 0 | G19: =SUM(G18) -> 0 | H19: =SUM(H18) -> 0 | I19: =SUM(I18) -> 0 | J19: =SUM(J18) -> 0 | K19: =SUM(K18) -> 0 | L19: =SUM(L18) -> 0 | M19: =SUM(M18) -> 51257 | ... O19: =SUM(O18) -> 0
C20: Imported Items | D20: SHAHZAD AHMAD | E20: - | F20: 0 | G20: 0 | H20: =F20-G20 -> 0 | I20: =H20-J20 -> 0 | J20: 0 | K20: 0 | L20: 0 | M20: ='17-03-2026'!J82 -> 33969 | N20: 0 | O20: 0
C21: Imported Items | D21: SHAHID | E21: - | F21: 0 | G21: 0 | H21: =F21-G21 -> 0 | I21: =H21-J21 -> 0 | J21: 0 | K21: 0 | L21: 0 | M21: ='17-03-2026'!J83 -> 151366 | N21: 0 | O21: 0
C22: Total | F22: =SUM(F20:F21) -> 0 | G22: =SUM(G20:G21) -> 0 | H22: =SUM(H20:H21) -> 0 | I22: =SUM(I20:I21) -> 0 | J22: =SUM(J20:J21) -> 0 | K22: =SUM(K20:K21) -> 0 | L22: =SUM(L20:L21) -> 0 | M22: =SUM(M20:M21) -> 185335 | ... O22: =SUM(O20:O21) -> 0
C23: TAHORA | D23: SHAHZAD AHMAD | E23: - | F23: 0 | G23: 0 | H23: =F23-G23 -> 0 | I23: =H23-J23 -> 0 | J23: 0 | K23: 0 | L23: 0 | M23: ='17-03-2026'!J86 -> 89658 | N23: 0 | O23: 0
C24: TAHORA | D24: MURTAZA | E24: - | F24: 0 | G24: 0 | H24: =F24-G24 -> 0 | I24: =H24-J24 -> 0 | J24: 0 | K24: 0 | L24: 0 | M24: ='17-03-2026'!J87 -> 17000 | N24: 0 | O24: 0
C25: Total | F25: =SUM(F23:F24) -> 0 | G25: =SUM(G23:G24) -> 0 | H25: =SUM(H23:H24) -> 0 | I25: =SUM(I23:I24) -> 0 | J25: =SUM(J23:J24) -> 0 | K25: =SUM(K23:K24) -> 0 | L25: =SUM(L23:L24) -> 0 | M25: =SUM(M23:M24) -> 106658 | ... O25: =SUM(O23:O24) -> 0
C26: SHAN | D26: KHAWAR | E26: Ikram | F26: 0 | G26: 0 | H26: =F26-G26 -> 0 | I26: =H26-J26 -> 0 | J26: 0 | K26: 0 | L26: 0 | M26: ='17-03-2026'!J74 -> 1719605 | N26: 0 | O26: 43072
C27: SHAN | D27: MURTAZA | E27: - | F27: 0 | G27: 0 | H27: =F27-G27 -> 0 | I27: =H27-J27 -> 0 | J27: 0 | K27: 0 | L27: 0 | M27: ='17-03-2026'!J75 -> 174473 | N27: 0 | O27: 0
C28: SHAN | D28: DANISH | E28: - | F28: 0 | G28: 0 | H28: =F28-G28 -> 0 | I28: =H28-J28 -> 0 | J28: 0 | K28: 0 | L28: 0 | M28: ='17-03-2026'!J76 -> 35126 | N28: 0 | O28: 0
C29: SHAN | D29: ASHRAF | E29: Ashraf | F29: 2007 | G29: 0 | H29: =F29-G29 -> 2007 | I29: =H29-J29 -> 2007 | J29: 0 | K29: 0 | L29: 0 | M29: ='17-03-2026'!J77 -> 1474714 | N29: 0 | O29: 59710
